CNPJ_Fundo,Data_Referencia,Versao,Mes_Referencia,Percentual_Rentabilidade_Efetiva_Mes,Percentual_Rentabilidade_Auferida_Ausencia_Garantia
01.201.140/0001-90,2016-12-31,2,12/2016,0.007786,0.0
01.235.622/0001-61,2016-12-31,1,Setembro,0.0109,0.0109
01.235.622/0001-61,2016-12-31,1,Outubro,0.0002,0.0002
01.235.622/0001-61,2016-12-31,1,Novembro,-0.1577,-0.1577
01.497.954/0001-14,2016-12-31,1,12/2016,0.003261,0.0
01.636.325/0001-28,2016-12-31,1,12/2016,0.063714,0.0
01.657.856/0001-05,2016-12-31,1,DEZEMBRO/2016,-0.035118,0.0
04.141.645/0001-03,2016-12-31,1,12/2016,-0.133534,0.0
07.583.627/0001-61,2016-12-31,1,não aplicavel,0.0,0.0
07.789.135/0001-27,2016-12-31,3,,,
10.456.799/0001-89,2016-12-31,1,12/2016,0.00949,0.0
10.456.810/0001-00,2016-12-31,4,12/2016,0.0052,
11.268.335/0001-01,2016-12-31,2,10/2016,0.000245,0.000245
11.268.335/0001-01,2016-12-31,2,11/2016,0.000155,0.000155
11.268.335/0001-01,2016-12-31,2,12/2016,-0.006171,-0.006171
11.281.322/0001-72,2016-12-31,2,10/2016,0.002164,0.002164
11.281.322/0001-72,2016-12-31,2,11/2016,0.002313,0.002313
11.281.322/0001-72,2016-12-31,2,12/2016,-0.179552,-0.179552
12.804.013/0001-00,2016-12-31,1,12/2016,-0.004695,0.0
13.652.006/0001-95,2016-12-31,1,out/16,0.0189,0.0042
13.873.457/0001-52,2016-12-31,1,Out/2016,0.0076262361604688,0.0063054193797755
13.873.457/0001-52,2016-12-31,1,Nov/2016,-0.108564258739891,-0.108785688194433
13.873.457/0001-52,2016-12-31,1,Dez/2016,0.0098382735940579,0.0083989442942738
14.733.211/0001-48,2016-12-31,1,12/2016,-0.017066,0.0
17.161.979/0001-82,2016-12-31,1,12/2016,0.319865,0.0
17.311.079/0001-74,2016-12-31,1,out/2016,-0.0004328508342462,0.0003492699430709
17.311.079/0001-74,2016-12-31,1,nov/2016,9.22965258854399e-06,0.0003329713178696
17.311.079/0001-74,2016-12-31,1,dez/2016,-0.137587678320331,-0.138717295007196
17.374.696/0001-19,2016-12-31,1,dez/2016,-0.0596,-0.0596
17.590.518/0001-25,2016-12-31,2,out/16,0.012723,0.003735
17.590.518/0001-25,2016-12-31,2,nov/16,0.01282,0.003683
17.590.518/0001-25,2016-12-31,2,dez/16,0.01282,0.004478
18.330.535/0001-96,2016-12-31,2,10/2016,0.007588,0.007588
18.330.535/0001-96,2016-12-31,2,11/2016,0.006921,0.006921
18.330.535/0001-96,2016-12-31,2,12/2016,-0.131585,-0.131585
20.216.935/0001-17,2016-12-31,2,10/2016,0.033729,0.033729
20.216.935/0001-17,2016-12-31,2,11/2016,-0.0223785,-0.0223785
20.216.935/0001-17,2016-12-31,2,12/2016,0.022333,0.022333
26.195.121/0001-20,2016-12-31,1,12/2016,-18.19513,0.0
00.332.266/0001-31,2017-12-31,1,12/2017,0.03246,
00.762.723/0001-28,2017-03-31,2,03/2017,0.011287,0.0
00.762.723/0001-28,2017-06-30,2,06/2017,0.010604,
01.235.622/0001-61,2017-03-31,1,Janeiro,-0.33,-0.33
01.235.622/0001-61,2017-03-31,1,Fevereiro,0.0006,0.0006
01.235.622/0001-61,2017-03-31,1,Março,-0.08,-0.08
01.235.622/0001-61,2017-06-30,1,abril/17,0.000885,0.000885
01.235.622/0001-61,2017-06-30,1,maio/17,-0.002637,-0.002637
01.235.622/0001-61,2017-06-30,1,junho/17,0.00182,0.00182
01.235.622/0001-61,2017-09-29,2,julho/17,0.0041,0.0041
01.235.622/0001-61,2017-09-29,2,agosto/17,0.0114,0.0114
01.235.622/0001-61,2017-09-29,2,setembro/17,0.0007,0.0007
01.235.622/0001-61,2017-12-29,2,outubro/17,0.0043,0.0043
01.235.622/0001-61,2017-12-29,2,novembro/17,-0.0322,-0.0322
01.235.622/0001-61,2017-12-29,2,dezembro/17,0.0195,0.0195
01.497.954/0001-14,2017-03-31,1,03/2017,0.00278,0.0
01.497.954/0001-14,2017-06-30,1,06/2017,0.004966,
01.497.954/0001-14,2017-09-30,1,09/2017,0.004184,
01.601.918/0001-59,2017-09-30,1,09/2017,0.006535,
01.601.918/0001-59,2017-12-31,1,09/2017,0.005409,
01.636.325/0001-28,2017-03-31,1,03/2017,0.00462,
01.636.325/0001-28,2017-06-30,1,06/2017,0.008571,0.008571
01.636.325/0001-28,2017-09-30,1,09/2017,0.006828,0.006828
01.636.325/0001-28,2017-12-31,1,12/2017,0.011155,0.011155
01.657.856/0001-05,2017-03-31,1,MARÇO/2017,0.008077,0.0
01.657.856/0001-05,2017-06-30,1,JUNHO/2017,0.007686,0.007686
01.657.856/0001-05,2017-09-30,1,09/2017,0.007617,0.007617
01.657.856/0001-05,2017-12-31,1,12/2017,0.015204,0.015204
02.027.437/0001-44,2017-03-31,1,03/2017,0.005794,
02.027.437/0001-44,2017-06-30,1,06/2017,0.000477,
02.027.437/0001-44,2017-09-30,1,09/2017,0.005472,
02.027.437/0001-44,2017-12-31,1,09/2017,0.004221,
02.508.235/0001-14,2017-09-30,1,09/2017,0.005134,
02.508.235/0001-14,2017-12-31,1,12/2017,0.009329,
03.855.441/0001-63,2017-03-31,1,03/2017,0.040392,
03.855.441/0001-63,2017-06-30,1,06/2017,0.000394,
03.855.441/0001-63,2017-09-30,1,09/2017,0.031008,
03.855.441/0001-63,2017-12-31,1,12/2017,0.036674,
04.141.645/0001-03,2017-03-31,1,03/2017,0.00447,
04.141.645/0001-03,2017-06-30,2,06/2017,0.004629,0.004629
04.141.645/0001-03,2017-09-30,1,09/2017,0.004256,0.004256
04.141.645/0001-03,2017-12-31,1,12/2017,0.004148,0.004148
07.583.627/0001-61,2017-03-31,1,Não Aplicavel,0.0,0.0
07.583.627/0001-61,2017-06-30,1,Não Aplicavel,0.0,0.0
07.583.627/0001-61,2017-09-30,1,Não Aplicavel,0.0,0.0
07.583.627/0001-61,2017-12-31,1,Não Aplicavel,0.0,0.0
08.417.532/0001-30,2017-03-31,1,03/2017,0.002916,
08.417.532/0001-30,2017-06-30,1,06/2017,0.02954,
08.417.532/0001-30,2017-09-30,1,09/2017,0.022066,
08.417.532/0001-30,2017-12-31,1,12/2017,0.078155,
09.350.920/0001-04,2017-09-30,1,09/2017,0.007789,
09.350.920/0001-04,2017-12-31,1,12/2017,0.007752,
10.456.799/0001-89,2017-03-31,1,03/2017,-0.00218,0.0
10.456.799/0001-89,2017-06-30,1,06/2017,0.003664,
10.456.799/0001-89,2017-09-30,1,09/2017,0.01206,
10.456.799/0001-89,2017-12-31,1,12/2017,0.05373,
10.456.810/0001-00,2017-03-31,4,03/2017,0.004823,
10.456.810/0001-00,2017-06-30,4,06/2017,0.003939,
10.456.810/0001-00,2017-09-30,1,09/2017,0.00447,
10.456.810/0001-00,2017-12-31,1,12/2017,0.004211,
11.268.335/0001-01,2017-03-31,2,01/2017,0.0003,0.0003
11.268.335/0001-01,2017-03-31,2,02/2017,0.000615,0.000615
11.268.335/0001-01,2017-03-31,2,03/2017,-0.0001317018486749,-0.0001317018486749
11.268.335/0001-01,2017-06-30,1,04/2017,0.0001,0.0001
11.268.335/0001-01,2017-06-30,1,05/2017,-0.000598,-0.000598
11.268.335/0001-01,2017-06-30,1,06/2017,-0.001347,-0.001347
11.268.335/0001-01,2017-12-29,1,10/2017,0.00108,0.00108
11.268.335/0001-01,2017-12-29,1,11/2017,0.000378,0.000378
11.268.335/0001-01,2017-12-29,1,12/2017,-0.248526,-0.248526
11.281.322/0001-72,2017-03-31,2,01/2017,0.003099,0.003099
11.281.322/0001-72,2017-03-31,2,02/2017,0.002815,0.002815
11.281.322/0001-72,2017-03-31,2,03/2017,0.002658,0.002658
11.281.322/0001-72,2017-06-30,2,04/2017,0.002605,0.002605
11.281.322/0001-72,2017-06-30,2,05/2017,0.00263,0.00263
11.281.322/0001-72,2017-06-30,2,06/2017,-0.002117,-0.002117
11.281.322/0001-72,2017-12-29,1,10/2017,-0.000194,-0.000194
11.281.322/0001-72,2017-12-29,1,11/2017,0.000783,0.000783
11.281.322/0001-72,2017-12-29,1,12/2017,-0.371618,-0.371618
12.804.013/0001-00,2017-03-31,1,03/2017,-0.00188,0.0
12.804.013/0001-00,2017-06-30,1,06/2017,-0.002447,
12.804.013/0001-00,2017-09-30,1,09/2017,-0.00523,
12.804.013/0001-00,2017-12-31,2,12/2017,0.816772,
12.948.291/0001-23,2017-03-31,3,03/2017,0.005585,
12.948.291/0001-23,2017-06-30,3,06/2017,0.006084,
12.948.291/0001-23,2017-09-30,1,09/2017,0.006083,
12.948.291/0001-23,2017-12-31,1,12/2017,0.006262,
13.500.306/0001-59,2017-03-31,4,03/2017,0.006384,
13.500.306/0001-59,2017-06-30,4,06/2017,0.006434,
13.500.306/0001-59,2017-09-30,3,09/2017,-0.005571,
13.500.306/0001-59,2017-12-31,2,12/2017,0.000801,
13.652.006/0001-95,2017-09-29,1,out/16,0.0189,0.0042
13.652.006/0001-95,2017-12-31,1,out/16,0.0189,0.0042
13.873.457/0001-52,2017-03-31,1,Jan/2017,0.0076990071243182,0.0067510599264457
13.873.457/0001-52,2017-03-31,1,Fev/2017,0.0099455113460431,0.0079604049423411
13.873.457/0001-52,2017-03-31,1,Mar/2017,0.0107731799934997,0.0081729991977259
13.873.457/0001-52,2017-06-30,1,abril/2017,0.008801221391936,0.0066807006373435
13.873.457/0001-52,2017-06-30,1,maio/2017,0.0105139188212842,0.0080149633994937
13.873.457/0001-52,2017-06-30,1,junho/2017,0.0095480847193774,0.0071292223250735
13.873.457/0001-52,2017-09-30,1,Jul/2017,0.0118470061654657,0.0068254309736952
13.873.457/0001-52,2017-09-30,1,Ago/2017,0.0098229375087638,0.0069591233204752
13.873.457/0001-52,2017-09-30,1,Set/2017,0.0091932150999182,0.0068250058214634
13.873.457/0001-52,2017-12-31,2,12/2017,0.00824,0.006825
14.733.211/0001-48,2017-03-31,1,03/2017,0.00574,0.0
14.733.211/0001-48,2017-06-30,1,06/2017,0.006335,0.006335
14.733.211/0001-48,2017-09-30,1,09/2017,0.005707,0.005707
14.733.211/0001-48,2017-12-31,1,12/2017,0.011155,0.011155
15.576.907/0001-70,2017-09-30,1,09/2017,0.007095,
15.576.907/0001-70,2017-12-31,2,12/2017,0.006503,
17.098.794/0001-70,2017-09-30,1,09/2017,0.01,0.003575
17.098.794/0001-70,2017-09-30,1,08/2017,0.01,0.00424
17.098.794/0001-70,2017-09-30,1,07/2017,0.01,0.004146
17.098.794/0001-70,2017-12-29,2,12/2017,0.0090090054054054,0.004609620501177
17.098.794/0001-70,2017-12-29,2,11/2017,0.0091786870800749,0.0041151122953939
17.098.794/0001-70,2017-12-29,2,10/2017,0.0099300881792183,0.0032592679045088
17.161.979/0001-82,2017-03-31,1,03/2017,0.00533,
17.161.979/0001-82,2017-06-30,1,06/2017,0.005613,0.005613
17.161.979/0001-82,2017-09-30,2,09/2017,0.005467,0.005467
17.161.979/0001-82,2017-12-31,1,12/2017,0.233073,0.233073
17.311.079/0001-74,2017-03-31,2,jan/2017,,
17.311.079/0001-74,2017-03-31,2,fev/2017,,
17.311.079/0001-74,2017-03-31,2,mar/2017,,
17.311.079/0001-74,2017-06-30,1,abr/2017,,
17.311.079/0001-74,2017-06-30,1,mai/2017,,
17.311.079/0001-74,2017-06-30,1,jun/2017,,
17.311.079/0001-74,2017-09-29,1,jul/2017,,
17.311.079/0001-74,2017-09-29,1,ago/2017,,
17.311.079/0001-74,2017-09-29,1,set/2017,,
17.311.079/0001-74,2017-12-31,1,out/2017,0.010839,-0.000108
17.311.079/0001-74,2017-12-31,1,nov/2017,0.01081,0.000417
17.311.079/0001-74,2017-12-31,1,dez/2017,-0.00934,-0.019562
17.590.518/0001-25,2017-03-31,2,jan/17,0.011905,0.004967
17.590.518/0001-25,2017-03-31,2,fev/17,0.011794,0.006924
17.590.518/0001-25,2017-03-31,2,mar/17,0.011879,0.004266
17.590.518/0001-25,2017-06-30,3,abr/17,0.0124378104477612,0.0047324577191219
17.590.518/0001-25,2017-06-30,3,mai/17,0.0123164838900384,0.0046892370627296
17.590.518/0001-25,2017-06-30,3,jun/17,0.0107526877419355,0.0042761285343523
17.590.518/0001-25,2017-09-30,2,jul/17,0.0103661317742256,0.0041291259973056
17.590.518/0001-25,2017-09-30,2,ago/17,0.010340406171113,0.0042906681789116
17.590.518/0001-25,2017-09-30,2,set/17,0.0099300921508579,0.0036089035877677
17.590.518/0001-25,2017-12-31,4,out/17,0.0091786903844035,0.0033358210054573
17.590.518/0001-25,2017-12-31,4,nov/17,0.0090090086486486,0.0031990167647871
17.590.518/0001-25,2017-12-31,4,dez/17,0.0090226645734084,0.004121348308889
18.330.535/0001-96,2017-03-31,2,01/2017,0.004373,0.004373
18.330.535/0001-96,2017-03-31,2,02/2017,0.003587,0.003587
18.330.535/0001-96,2017-03-31,2,03/2017,0.002668,0.002668
18.330.535/0001-96,2017-06-30,2,04/2017,0.003877,0.003877
18.330.535/0001-96,2017-06-30,2,05/2017,0.005848,0.005848
18.330.535/0001-96,2017-06-30,2,06/2017,0.003333,0.003333
18.330.535/0001-96,2017-12-29,1,10/2017,-0.002545,-0.002545
18.330.535/0001-96,2017-12-29,1,11/2017,0.004535,0.004535
18.330.535/0001-96,2017-12-29,1,12/2017,-0.110803,-0.110803
18.369.510/0001-04,2017-06-30,1,Junho,0.0025,0.0
18.369.510/0001-04,2017-09-29,1,Setembro,0.0013,0.0
18.369.510/0001-04,2017-12-31,1,Setembro,0.0026,0.0026
19.107.604/0001-60,2017-03-31,2,jan/2017,,
19.107.604/0001-60,2017-03-31,2,fev/2017,,
19.107.604/0001-60,2017-03-31,2,mar/2017,,
19.107.604/0001-60,2017-06-30,1,abr/2017,0.0042,-0.00058
19.107.604/0001-60,2017-06-30,1,mai/2017,0.0108,0.0058
19.107.604/0001-60,2017-06-30,1,jun/2017,0.0053,-0.0008
19.107.604/0001-60,2017-09-29,1,Jul/2017,-0.0006,-0.005188
19.107.604/0001-60,2017-09-29,1,ago/2017,0.0072,-0.002238
19.107.604/0001-60,2017-09-29,1,set/2017,0.0064,-0.001636
19.107.604/0001-60,2017-12-29,1,Out/2017,0.0064,-0.001646
19.107.604/0001-60,2017-12-29,1,Nov/2017,0.0088,-0.1299
19.107.604/0001-60,2017-12-29,1,Dez/2017,0.007,-0.1854
20.216.935/0001-17,2017-03-31,2,01/2017,0.044162,0.044162
20.216.935/0001-17,2017-03-31,2,02/2017,0.055521,0.055521
20.216.935/0001-17,2017-03-31,2,03/2017,0.001914,0.001914
20.216.935/0001-17,2017-06-30,1,04/2017,-0.006939,-0.006939
20.216.935/0001-17,2017-06-30,1,05/2017,0.011156,0.011156
20.216.935/0001-17,2017-06-30,1,06/2017,-0.000481,-0.000481
20.216.935/0001-17,2017-12-29,1,10/2017,0.005028,0.005028
20.216.935/0001-17,2017-12-29,1,11/2017,-0.000997,-0.000997
20.216.935/0001-17,2017-12-29,1,12/2017,0.003321,0.003321
26.195.121/0001-20,2017-03-31,1,03/2017,0.0051,0.0
26.195.121/0001-20,2017-06-30,1,06/2017,0.026849,0.026849
26.195.121/0001-20,2017-09-30,1,09/2017,0.212414,0.212414
26.195.121/0001-20,2017-12-31,1,12/2017,0.004748,0.004748
26.990.011/0001-50,2017-06-30,1,06/2017,0.003658,0.003658
26.990.011/0001-50,2017-09-30,1,09/2017,-0.00103,-0.00103
26.990.011/0001-50,2017-12-31,1,12/2017,0.002565,0.002565
28.152.272/0001-26,2017-12-31,3,Não aplicável,0.0,0.0
00.762.723/0001-28,2018-06-30,1,06/2018,0.007941,
00.762.723/0001-28,2018-09-30,1,09/2018,0.007461,
00.762.723/0001-28,2018-12-31,1,12/2018,0.008112,
01.235.622/0001-61,2018-12-31,3,Outubro 2018,0.0061,0.0061
01.235.622/0001-61,2018-12-31,3,Novembro 2018,0.0052,0.0052
01.235.622/0001-61,2018-12-31,3,Dezembro 2018,-0.009,-0.009
01.497.954/0001-14,2018-03-31,1,03/2018,0.002218,0.002218
01.497.954/0001-14,2018-06-30,1,06/2018,0.002289,
01.497.954/0001-14,2018-09-30,1,09/2018,0.001965,
01.497.954/0001-14,2018-12-31,1,12/2018,0.088591,
01.601.918/0001-59,2018-03-31,1,03/2018,0.006658,
01.636.325/0001-28,2018-03-31,1,03/2018,0.00561,0.00561
01.636.325/0001-28,2018-06-30,1,06/2018,0.006857,0.006857
01.636.325/0001-28,2018-09-30,1,09/2018,0.006074,0.006074
01.636.325/0001-28,2018-12-31,1,12/2018,0.159222,0.159222
01.657.856/0001-05,2018-03-31,1,03/2018,0.00214,0.00214
01.657.856/0001-05,2018-06-30,1,06/2018,0.005784,0.005784
01.657.856/0001-05,2018-09-30,1,09/2018,0.006245,0.006245
01.657.856/0001-05,2018-12-31,1,12/2018,0.021037,0.021037
02.027.437/0001-44,2018-03-31,1,03/2018,-0.000186,
02.027.437/0001-44,2018-06-30,1,06/2018,-0.00513,
02.027.437/0001-44,2018-09-30,1,09/2018,0.000269,
02.027.437/0001-44,2018-12-31,1,12/2018,0.001255,
02.508.235/0001-14,2018-03-31,1,03/2018,0.012479,
02.508.235/0001-14,2018-09-30,1,09/2018,0.012534,
02.508.235/0001-14,2018-12-31,1,12/2018,0.011128,
03.855.441/0001-63,2018-03-31,1,03/2018,0.036953,
03.855.441/0001-63,2018-06-30,1,06/2018,-0.017557,
03.855.441/0001-63,2018-09-30,1,09/2018,0.008099,
03.855.441/0001-63,2018-12-31,1,12/2018,-0.022746,
04.141.645/0001-03,2018-03-31,1,03/2018,0.004955,0.004955
04.141.645/0001-03,2018-06-30,2,06/2018,0.004938,0.004938
04.141.645/0001-03,2018-09-30,1,09/2018,0.005754,0.005754
04.141.645/0001-03,2018-12-31,1,12/2018,0.052776,0.052776
07.583.627/0001-61,2018-03-31,1,Não Aplicavel,0.0,0.0
07.583.627/0001-61,2018-06-30,1,Não Aplicavel,0.0,0.0
07.583.627/0001-61,2018-09-30,1,Não Aplicavel,0.0,0.0
07.583.627/0001-61,2018-12-31,1,Não Aplicavel,0.0,0.0
08.417.532/0001-30,2018-03-31,1,03/2018,0.003704,
08.417.532/0001-30,2018-06-30,1,06/2018,0.009394,
08.417.532/0001-30,2018-09-30,1,09/2018,0.018429,
08.417.532/0001-30,2018-12-31,1,12/2018,0.001282,
09.350.920/0001-04,2018-03-31,1,03/2018,0.00784,
10.456.799/0001-89,2018-03-31,1,03/2018,0.003992,
10.456.799/0001-89,2018-06-30,1,06/2018,0.003117,
10.456.799/0001-89,2018-09-30,1,09/2018,0.005441,
10.456.799/0001-89,2018-12-31,1,12/2018,0.224279,
10.456.810/0001-00,2018-03-31,1,03/2018,-9.7e-05,
10.456.810/0001-00,2018-06-30,1,06/2018,0.0014,
10.456.810/0001-00,2018-09-30,1,09/2018,0.003977,
10.456.810/0001-00,2018-12-31,1,12/2018,0.007134,
11.268.335/0001-01,2018-03-29,1,01/2018,0.01246,0.01246
11.268.335/0001-01,2018-03-29,1,02/2018,0.001335,0.001335
11.268.335/0001-01,2018-03-29,1,03/2018,-0.001017,-0.001017
11.268.335/0001-01,2018-06-29,1,04/2018,0.000136,0.000136
11.268.335/0001-01,2018-06-29,1,05/2018,0.007689,0.007689
11.268.335/0001-01,2018-06-29,1,06/2018,-0.063538,-0.063538
11.268.335/0001-01,2018-09-28,1,07/2018,-0.00821,-0.00821
11.268.335/0001-01,2018-09-28,1,08/2018,0.006622,0.006622
11.268.335/0001-01,2018-09-28,1,09/2018,-0.003413,-0.003413
11.268.335/0001-01,2018-12-31,1,10/2018,0.001285,0.001285
11.268.335/0001-01,2018-12-31,1,11/2018,0.001464,0.001464
11.268.335/0001-01,2018-12-31,1,12/2018,0.007329,0.007329
11.281.322/0001-72,2018-03-29,1,01/2018,0.00192,0.00192
11.281.322/0001-72,2018-03-29,1,02/2018,0.001606,0.001606
11.281.322/0001-72,2018-03-29,1,03/2018,0.001757,0.001757
11.281.322/0001-72,2018-06-29,1,04/2018,0.001755,0.001755
11.281.322/0001-72,2018-06-29,1,05/2018,0.001588,0.001588
11.281.322/0001-72,2018-06-29,1,06/2018,0.001822,0.001822
11.281.322/0001-72,2018-09-28,2,07/2018,0.000229,0.000229
11.281.322/0001-72,2018-09-28,2,08/2018,0.002446,0.002446
11.281.322/0001-72,2018-09-28,2,09/2018,-6.3e-05,-6.3e-05
11.281.322/0001-72,2018-12-31,1,10/2018,-0.000122,-0.000122
11.281.322/0001-72,2018-12-31,1,11/2018,0.004466,0.004466
11.281.322/0001-72,2018-12-31,1,12/2018,0.005387,0.005387
12.804.013/0001-00,2018-03-31,1,03/2018,0.002087,0.002087
12.804.013/0001-00,2018-06-30,1,06/2018,0.223465,
12.804.013/0001-00,2018-09-30,1,09/2018,0.001153,
12.804.013/0001-00,2018-12-31,1,12/2018,0.205397,
12.948.291/0001-23,2018-03-31,1,03/2018,0.006245,
13.022.994/0001-99,2018-09-30,1,09/2018,0.005879,
13.022.994/0001-99,2018-12-31,1,12/2018,0.009998,
13.500.306/0001-59,2018-03-31,1,03/2018,0.007145,
13.500.306/0001-59,2018-06-30,1,06/2018,0.007089,
13.652.006/0001-95,2018-03-31,1,out/16,0.0189,0.0042
13.652.006/0001-95,2018-06-30,1,out/16,0.0189,0.0042
13.873.457/0001-52,2018-03-31,1,03/2018,0.008711,0.005335
13.873.457/0001-52,2018-06-30,1,06/2018,-0.004392,
13.873.457/0001-52,2018-09-30,1,09/2018,0.008846,
13.873.457/0001-52,2018-12-31,1,12/2018,0.007701,
14.733.211/0001-48,2018-03-31,1,03/2018,0.005968,0.005968
14.733.211/0001-48,2018-06-30,1,06/2018,0.006702,0.006702
15.576.907/0001-70,2018-03-31,1,03/2018,0.007066,
16.802.320/0001-03,2018-09-28,1,09/2018,0.00518,
16.802.320/0001-03,2018-12-31,1,12/2018,0.010056,
17.098.794/0001-70,2018-03-29,1,12/2017,0.0090090054054054,0.004609620501177
17.098.794/0001-70,2018-03-29,1,11/2017,0.0091786870800749,0.0041151122953939
17.098.794/0001-70,2018-03-29,1,10/2017,0.0099300881792183,0.0032592679045088
17.098.794/0001-70,2018-06-29,1,06/2018,-0.0423,
17.098.794/0001-70,2018-06-29,1,05/2018,-0.061,
17.098.794/0001-70,2018-06-29,1,04/2018,-0.0001,
17.098.794/0001-70,2018-09-28,1,09/2018,0.008977,
17.098.794/0001-70,2018-09-28,1,08/2018,0.009345,
17.098.794/0001-70,2018-09-28,1,07/2018,0.008437,
17.098.794/0001-70,2018-12-31,1,12/2018,0.017525,
17.098.794/0001-70,2018-12-31,1,11/2018,0.0152814,
17.098.794/0001-70,2018-12-31,1,10/2018,0.0351,
17.161.979/0001-82,2018-03-31,1,03/2018,0.004572,0.004572
17.161.979/0001-82,2018-06-30,1,06/2018,0.004554,0.004554
17.161.979/0001-82,2018-09-30,1,09/2018,0.005487,0.005487
17.161.979/0001-82,2018-12-31,1,12/2018,0.086852,0.086852
17.311.079/0001-74,2018-03-31,1,out/2017,0.011908,0.000443
17.311.079/0001-74,2018-03-31,1,nov/2017,0.009792,0.000245
17.311.079/0001-74,2018-03-31,1,dez/2017,0.011064,0.000219
17.311.079/0001-74,2018-09-30,1,Julho/2018,0.011283,0.000443
17.311.079/0001-74,2018-09-30,1,Agosto/2018,0.005503,-0.005835
17.311.079/0001-74,2018-09-30,1,Setembro/2018,0.00986,8e-05
17.311.079/0001-74,2018-12-31,1,Outubro/2018,0.011929,0.000592
17.311.079/0001-74,2018-12-31,1,Novembro/2018,0.019857,0.00956
17.311.079/0001-74,2018-12-31,1,Dezembro/2018,-0.105162,-0.093939
17.590.518/0001-25,2018-03-31,2,jan/18,0.009179,0.003259
17.590.518/0001-25,2018-03-31,2,fev/18,0.009009,0.004115
17.590.518/0001-25,2018-03-31,2,mar/18,0.009023,0.00461
17.590.518/0001-25,2018-06-30,1,abr/18,0.008585,0.003375
17.590.518/0001-25,2018-06-30,1,mai/18,0.011111,0.004903
17.590.518/0001-25,2018-06-30,1,jun/18,0.012077,0.005054
17.590.518/0001-25,2018-09-30,2,jul/18,0.011824,0.004868
17.590.518/0001-25,2018-09-30,2,ago/18,0.01221,0.005346
17.590.518/0001-25,2018-09-30,2,set/18,0.012346,0.005368
17.590.518/0001-25,2018-12-31,2,out/18,0.0,0.0
17.590.518/0001-25,2018-12-31,2,nov/18,0.0,0.0
17.590.518/0001-25,2018-12-31,2,dez/18,0.0,0.0
18.330.535/0001-96,2018-03-29,1,01/2018,0.005253,0.005253
18.330.535/0001-96,2018-03-29,1,02/2018,0.003191,0.003191
18.330.535/0001-96,2018-03-29,1,03/2018,0.005272,0.005272
18.330.535/0001-96,2018-06-29,1,04/2018,0.005196,0.005196
18.330.535/0001-96,2018-06-29,1,05/2018,-0.005202,-0.005202
18.330.535/0001-96,2018-06-29,1,06/2018,-0.002646,-0.002646
18.330.535/0001-96,2018-09-28,1,07/2018,0.000381,0.000381
18.330.535/0001-96,2018-09-28,1,08/2018,7e-06,7e-06
18.330.535/0001-96,2018-09-28,1,09/2018,0.00053,0.00053
18.330.535/0001-96,2018-12-31,1,10/2018,-0.000501,-0.000501
18.330.535/0001-96,2018-12-31,1,11/2018,0.003021,0.003021
18.330.535/0001-96,2018-12-31,1,12/2018,0.060832,0.060832
18.369.510/0001-04,2018-03-29,2,Março,0.000893,0.000893
18.369.510/0001-04,2018-06-29,1,Junho,0.001062,0.001062
18.369.510/0001-04,2018-09-28,1,Setembro,0.001062,0.001062
18.369.510/0001-04,2018-12-31,1,Setembro,0.001062,0.001062
19.107.604/0001-60,2018-03-29,1,Jan/2018,0.009545,-0.001404
19.107.604/0001-60,2018-03-29,1,Fev/2018,0.007412,-0.001623
19.107.604/0001-60,2018-03-29,1,Mar/2018,0.008442,-0.001542
20.216.935/0001-17,2018-03-29,1,01/2018,0.008749,0.008749
20.216.935/0001-17,2018-03-29,1,02/2018,0.010404,0.010404
20.216.935/0001-17,2018-03-29,1,03/2018,0.032757,0.032757
20.216.935/0001-17,2018-09-28,1,07/2018,0.01992,0.01992
20.216.935/0001-17,2018-09-28,1,08/2018,-0.006595,-0.006595
20.216.935/0001-17,2018-09-28,1,09/2018,-0.004491,-0.004491
20.216.935/0001-17,2018-12-31,1,10/2018,0.054673,0.054673
20.216.935/0001-17,2018-12-31,1,11/2018,0.029417,0.029417
20.216.935/0001-17,2018-12-31,1,12/2018,0.038752,0.038752
26.195.121/0001-20,2018-03-31,1,03/2018,0.004731,0.004731
26.195.121/0001-20,2018-06-30,1,06/2018,0.004776,0.004776
26.195.121/0001-20,2018-09-30,1,09/2018,0.004693,0.004693
26.195.121/0001-20,2018-12-31,1,12/2018,0.064789,0.064789
26.990.011/0001-50,2018-03-31,1,03/2018,-0.001178,-0.001178
26.990.011/0001-50,2018-06-30,1,06/2018,-0.001285,-0.001285
26.990.011/0001-50,2018-09-30,1,09/2018,-0.002987,-0.002987
26.990.011/0001-50,2018-12-31,1,12/2018,-0.001463,-0.001463
28.152.272/0001-26,2018-03-31,2,Não aplicável,0.0,0.0
28.152.272/0001-26,2018-06-30,1,,0.0,0.0
28.516.650/0001-03,2018-03-31,1,Não aplicável,0.0,0.0
28.516.650/0001-03,2018-06-30,1,,0.0,0.0
28.516.650/0001-03,2018-09-30,1,,0.0,0.0
28.516.650/0001-03,2018-12-31,1,,0.0,0.0
28.693.595/0001-27,2018-03-31,1,Não Aplicavel,0.0,0.0
28.693.595/0001-27,2018-06-30,1,,0.0,0.0
28.693.595/0001-27,2018-09-30,1,,0.0,0.0
28.693.595/0001-27,2018-12-31,1,,0.0,0.0
28.893.734/0001-66,2018-03-29,1,02/2018,-0.01305,-0.01305
28.893.734/0001-66,2018-03-29,1,03/2018,-0.020136,-0.020136
28.893.734/0001-66,2018-06-29,1,04/2018,-0.009533,-0.009533
28.893.734/0001-66,2018-06-29,1,05/2018,0.020342,0.020342
28.893.734/0001-66,2018-06-29,1,06/2018,-0.006014,-0.006014
28.893.734/0001-66,2018-09-28,1,07/2018,-0.006618,-0.006618
28.893.734/0001-66,2018-09-28,1,08/2018,-0.015633,-0.015633
28.893.734/0001-66,2018-09-28,1,09/2018,-0.022513,-0.022513
28.893.734/0001-66,2018-12-31,1,10/2018,-0.074309,-0.074309
28.893.734/0001-66,2018-12-31,1,11/2018,-0.001111,-0.001111
28.893.734/0001-66,2018-12-31,1,12/2018,0.05205,0.05205
30.492.505/0001-81,2018-06-30,1,06/2018,0.0,0.0
30.492.505/0001-81,2018-09-30,1,09/2018,0.032433,0.032433
30.492.505/0001-81,2018-12-31,1,12/2018,0.053497,0.053497
01.235.622/0001-61,2019-03-29,3,Outubro 2018,0.0061,0.0061
01.235.622/0001-61,2019-03-29,3,Novembro 2018,0.0052,0.0052
01.235.622/0001-61,2019-03-29,3,Dezembro 2018,-0.009,-0.009
01.235.622/0001-61,2019-06-28,3,Abril 2019,0.0061,0.0061
01.235.622/0001-61,2019-06-28,3,Maio 2019,0.0052,0.0052
01.235.622/0001-61,2019-06-28,3,Junho 2019,-0.009,-0.009
01.235.622/0001-61,2019-09-30,2,Julho 2019,-0.0256,-0.0256
01.235.622/0001-61,2019-09-30,2,Agosto 2019,0.0033,0.0033
01.235.622/0001-61,2019-09-30,2,Setembro 2019,0.0034,0.0034
01.235.622/0001-61,2019-12-31,2,Outubro 2019,0.0054,0.0054
01.235.622/0001-61,2019-12-31,2,Novembro 2019,-0.0543,-0.0543
01.235.622/0001-61,2019-12-31,2,Dezembro 2019,0.0216,0.0216
01.497.954/0001-14,2019-03-31,1,03/2019,0.001592,
01.636.325/0001-28,2019-03-31,1,03/2019,0.009234,0.009234
01.636.325/0001-28,2019-06-30,1,06/2019,0.006207,0.006207
01.636.325/0001-28,2019-09-30,1,09/2019,0.004722,0.004722
01.636.325/0001-28,2019-12-31,1,12/2019,0.008883,0.008883
01.657.856/0001-05,2019-03-31,1,03/2019,0.005203,0.005203
01.657.856/0001-05,2019-06-30,1,06/2019,0.006002,0.006002
01.657.856/0001-05,2019-09-30,1,09/2019,0.005997,0.005997
01.657.856/0001-05,2019-12-31,1,12/2019,0.003434,0.003434
03.507.519/0001-59,2019-06-30,1,06/2019,0.00488,0.00488
03.507.519/0001-59,2019-09-30,1,09/2019,0.005206,0.005206
03.683.056/0001-86,2019-12-31,1,Dezembro,0.001971,0.001971
03.683.056/0001-86,2019-12-31,1,Novembro,0.156042,0.156042
03.683.056/0001-86,2019-12-31,1,Outrubro,0.00599,0.00599
04.141.645/0001-03,2019-03-31,1,03/2019,0.00501,0.00501
04.141.645/0001-03,2019-06-30,1,06/2019,0.005705,0.005705
04.141.645/0001-03,2019-09-30,1,09/2019,0.005365,0.005365
04.141.645/0001-03,2019-12-31,1,12/2019,0.004738,0.004738
07.583.627/0001-61,2019-03-31,1,Não Aplicavel,0.0,0.0
07.583.627/0001-61,2019-06-30,1,Não Aplicavel,0.0,0.0
07.583.627/0001-61,2019-09-30,1,Não Aplicavel,0.0,0.0
07.583.627/0001-61,2019-12-31,1,Não Aplicavel,0.0,0.0
08.417.532/0001-30,2019-03-31,1,03/2019,0.007749,
08.696.175/0001-97,2019-09-30,2,09/2019,0.006413,
08.696.175/0001-97,2019-12-31,1,09/2019,0.011573,
11.268.335/0001-01,2019-03-29,1,01/2019,0.01501,0.01501
11.268.335/0001-01,2019-03-29,1,02/2019,0.001573,0.001573
11.268.335/0001-01,2019-03-29,1,03/2019,0.001722,0.001722
11.268.335/0001-01,2019-06-28,1,04/2019,0.001225,0.001225
11.268.335/0001-01,2019-06-28,1,05/2019,0.000681,0.000681
11.268.335/0001-01,2019-06-28,1,06/2019,0.001506,0.001506
11.268.335/0001-01,2019-09-30,1,07/2019,0.016487,0.016487
11.268.335/0001-01,2019-09-30,1,08/2019,0.001746,0.001746
11.268.335/0001-01,2019-09-30,1,09/2019,-0.015222,-0.015222
11.268.335/0001-01,2019-12-31,1,10/2019,0.068034,0.068034
11.268.335/0001-01,2019-12-31,1,11/2019,0.001384,0.001384
11.268.335/0001-01,2019-12-31,1,12/2019,0.044282,0.044282
11.281.322/0001-72,2019-03-29,1,01/2019,0.004818,0.004818
11.281.322/0001-72,2019-03-29,1,02/2019,0.004607,0.004607
11.281.322/0001-72,2019-03-29,1,03/2019,-7.4e-05,-7.4e-05
11.281.322/0001-72,2019-06-28,1,04/2019,0.005016,0.005016
11.281.322/0001-72,2019-06-28,1,05/2019,-0.000368,-0.000368
11.281.322/0001-72,2019-06-28,1,06/2019,0.000107,0.000107
11.281.322/0001-72,2019-09-30,1,07/2019,9e-06,9e-06
11.281.322/0001-72,2019-09-30,1,08/2019,0.004652,0.004652
11.281.322/0001-72,2019-09-30,1,09/2019,0.004699,0.004699
11.281.322/0001-72,2019-12-31,1,10/2019,0.004775,0.004775
11.281.322/0001-72,2019-12-31,1,11/2019,0.000107,0.000107
11.281.322/0001-72,2019-12-31,1,12/2019,-0.023785,-0.023785
13.500.306/0001-59,2019-06-30,1,06/2019,0.00733,0.00733
13.873.457/0001-52,2019-03-31,1,03/2019,0.010262,
15.576.907/0001-70,2019-06-30,2,06/2019,0.01551,0.01551
17.098.794/0001-70,2019-03-29,1,12/2018,-0.1375,
17.098.794/0001-70,2019-03-29,1,11/2018,0.041295,
17.098.794/0001-70,2019-03-29,1,10/2018,0.102232,
17.098.794/0001-70,2019-06-28,1,06/2018,0.009411,0.009411
17.098.794/0001-70,2019-06-28,1,05/2018,0.009079,0.009079
17.098.794/0001-70,2019-06-28,1,04/2018,-0.003304,-0.003304
17.098.794/0001-70,2019-09-30,2,09/2019,-0.002152,-0.002152
17.098.794/0001-70,2019-09-30,2,08/2019,-0.017401,-0.017401
17.098.794/0001-70,2019-09-30,2,07/2019,0.003143,0.003143
17.098.794/0001-70,2019-12-31,1,12/2019,0.126918,0.126918
17.098.794/0001-70,2019-12-31,1,11/2019,0.027943,0.027943
17.098.794/0001-70,2019-12-31,1,10/2019,0.024705,0.024705
17.161.979/0001-82,2019-03-31,1,03/2019,0.003496,0.003496
17.161.979/0001-82,2019-06-30,1,06/2019,0.003841,0.003841
17.161.979/0001-82,2019-09-30,1,09/2019,0.003837,0.003837
17.161.979/0001-82,2019-12-31,1,12/2019,0.001989,0.001989
17.311.079/0001-74,2019-03-31,1,Janeiro/2019,0.026405,0.013862
17.311.079/0001-74,2019-03-31,1,Fevereiro/2019,0.021644,0.010402
17.311.079/0001-74,2019-03-31,1,Março/2019,0.016366,0.014147
17.311.079/0001-74,2019-06-30,1,Janeiro/2019,-0.000175,-0.000175
17.311.079/0001-74,2019-06-30,1,Fevereiro/2019,-0.000193,-0.000193
17.311.079/0001-74,2019-06-30,1,Março/2019,0.000199,0.000199
17.311.079/0001-74,2019-09-30,1,Julho/2019,-0.000641,-0.000641
17.311.079/0001-74,2019-09-30,1,Agosto/2019,-0.000448,-0.000448
17.311.079/0001-74,2019-09-30,1,Setembro/2019,-0.00043,-0.00043
17.311.079/0001-74,2019-12-31,1,Outubro/2019,-0.000506,-0.000506
17.311.079/0001-74,2019-12-31,1,Novembro/2019,-0.000535,-0.000535
17.311.079/0001-74,2019-12-31,1,Dezembro/2019,-0.000602,-0.000602
17.329.029/0001-14,2019-12-31,1,Dez/2019,0.083892,0.083892
17.329.029/0001-14,2019-12-31,1,Nov/2019,0.032464,0.032464
17.329.029/0001-14,2019-12-31,1,Out/2019,0.032834,0.032834
17.590.518/0001-25,2019-03-31,2,out/18,0.0,0.0
17.590.518/0001-25,2019-03-31,2,nov/18,0.0,0.0
17.590.518/0001-25,2019-03-31,2,dez/18,0.0,0.0
18.330.535/0001-96,2019-03-29,1,01/2019,9.7e-05,9.7e-05
18.330.535/0001-96,2019-03-29,1,02/2019,0.005247,0.005247
18.330.535/0001-96,2019-03-29,1,03/2019,0.005299,0.005299
18.330.535/0001-96,2019-06-28,1,04/2019,0.005315,0.005315
18.330.535/0001-96,2019-06-28,1,05/2019,0.005257,0.005257
18.330.535/0001-96,2019-06-28,1,06/2019,0.005109,0.005109
18.330.535/0001-96,2019-09-30,2,07/2019,-0.000123,-0.000123
18.330.535/0001-96,2019-09-30,2,08/2019,0.005751,0.005751
18.330.535/0001-96,2019-09-30,2,09/2019,0.005793,0.005793
18.330.535/0001-96,2019-12-31,1,10/2019,0.005492,0.005492
18.330.535/0001-96,2019-12-31,1,11/2019,0.000418,0.000418
18.330.535/0001-96,2019-12-31,1,12/2019,0.02391,0.02391
18.369.510/0001-04,2019-03-29,1,Março,0.001062,0.001062
18.369.510/0001-04,2019-06-28,1,Março,0.001836,0.001836
18.369.510/0001-04,2019-09-30,1,Março,0.001836,0.001836
18.369.510/0001-04,2019-12-31,1,Março,0.001836,0.001836
20.216.935/0001-17,2019-03-29,1,01/2019,0.016258,0.016258
20.216.935/0001-17,2019-03-29,1,02/2019,0.014032,0.014032
20.216.935/0001-17,2019-03-29,1,03/2019,0.015025,0.015025
20.216.935/0001-17,2019-06-28,1,04/2019,0.002183,0.002183
20.216.935/0001-17,2019-06-28,1,05/2019,0.011905,0.011905
20.216.935/0001-17,2019-06-28,1,06/2019,0.013665,0.013665
20.216.935/0001-17,2019-09-30,1,07/2019,0.008353,0.008353
20.216.935/0001-17,2019-09-30,1,08/2019,0.009226,0.009226
20.216.935/0001-17,2019-09-30,1,09/2019,0.003118,0.003118
20.216.935/0001-17,2019-12-31,1,10/2019,0.049094,0.049094
20.216.935/0001-17,2019-12-31,1,11/2019,0.017558,0.017558
20.216.935/0001-17,2019-12-31,1,12/2019,0.132607,0.132607
20.265.467/0001-70,2019-12-31,1,12/2019,-0.001876,
22.957.521/0001-74,2019-03-31,1,,,
22.957.521/0001-74,2019-06-30,1,,,
22.957.521/0001-74,2019-09-30,1,,,
22.957.521/0001-74,2019-12-31,1,,,
23.781.211/0001-04,2019-12-31,1,10/2019,0.0,0.0
23.781.211/0001-04,2019-12-31,1,11/2019,0.0,0.0
23.781.211/0001-04,2019-12-31,1,12/2019,0.0,0.0
24.853.060/0001-15,2019-12-31,1,12/2019,0.183043,
25.032.881/0001-53,2019-12-31,1,10/2019,0.015683,
25.032.881/0001-53,2019-12-31,1,11/2019,0.0022679902607207,
25.032.881/0001-53,2019-12-31,1,12/2019,0.02916,
26.195.121/0001-20,2019-03-31,1,01/2019,0.002619,0.002619
26.195.121/0001-20,2019-06-30,1,06/2019,0.00389,0.00389
26.195.121/0001-20,2019-09-30,1,09/2019,0.004616,0.004616
26.195.121/0001-20,2019-12-31,1,12/2019,0.001187,0.001187
26.395.660/0001-02,2019-03-29,1,03/2019,-0.3813,
26.395.660/0001-02,2019-03-29,1,02/2019,-0.137473,
26.395.660/0001-02,2019-03-29,1,01/2019,0.342533,
26.395.660/0001-02,2019-06-28,1,06/2019,0.064431,
26.395.660/0001-02,2019-06-28,1,05/2019,-0.021974,
26.395.660/0001-02,2019-06-28,1,04/2019,0.055936,
26.395.660/0001-02,2019-09-30,1,07/2019,0.015281,
26.395.660/0001-02,2019-09-30,1,08/2019,0.287845,
26.395.660/0001-02,2019-09-30,1,09/2019,0.06976,
26.395.660/0001-02,2019-12-31,1,10/2019,0.0,0.0
26.395.660/0001-02,2019-12-31,1,11/2019,0.0,0.0
26.395.660/0001-02,2019-12-31,1,12/2019,0.0,0.0
26.502.761/0001-35,2019-03-29,1,JAN/2019,-0.004429,
26.502.761/0001-35,2019-03-29,1,FEV/2019,-0.002269,
26.502.761/0001-35,2019-03-29,1,MAR/2019,-0.007558,
26.502.761/0001-35,2019-12-31,1,12/2019,0.011167,
26.502.794/0001-85,2019-12-31,2,12/2019,0.114185,
26.846.134/0001-11,2019-12-31,1,10/2019,,-0.035343
26.846.134/0001-11,2019-12-31,1,11/2019,,-0.046528
26.846.134/0001-11,2019-12-31,1,12/2019,,-0.042034
26.846.202/0001-42,2019-12-31,1,10/2019,0.0,0.0
26.846.202/0001-42,2019-12-31,1,11/2019,0.0,0.0
26.846.202/0001-42,2019-12-31,1,12/2019,0.0,0.0
26.990.011/0001-50,2019-03-31,1,03/2019,-0.00155,-0.00155
26.990.011/0001-50,2019-06-30,1,06/2019,-0.001523,-0.001523
26.990.011/0001-50,2019-09-30,1,09/2019,-0.001543,-0.001543
26.990.011/0001-50,2019-12-31,1,12/2019,0.026582,0.026582
27.368.617/0001-10,2019-12-31,1,11/2019,0.000885,
27.368.617/0001-10,2019-12-31,1,12/2019,-0.002424,
27.538.422/0001-71,2019-12-31,5,10/2019,0.0,0.0
27.538.422/0001-71,2019-12-31,5,11/2019,0.0,0.0
27.538.422/0001-71,2019-12-31,5,12/2019,0.001982,0.0
28.516.301/0001-91,2019-09-30,3,07/2019,0.0,
28.516.301/0001-91,2019-09-30,3,08/2019,0.0,
28.516.301/0001-91,2019-09-30,3,09/2019,-0.030877,
28.516.301/0001-91,2019-12-31,2,10/2019,0.0,0.0
28.516.301/0001-91,2019-12-31,2,11/2019,0.0,0.0
28.516.301/0001-91,2019-12-31,2,12/2019,0.0,0.0
28.516.325/0001-40,2019-12-31,1,12/2019,0.007093,
28.516.650/0001-03,2019-03-31,1,,0.0,0.0
28.516.650/0001-03,2019-06-30,1,,0.0,0.0
28.516.650/0001-03,2019-09-30,1,,0.0,0.0
28.516.650/0001-03,2019-12-31,1,,0.0,0.0
28.693.595/0001-27,2019-03-31,1,,0.0,0.0
28.693.595/0001-27,2019-06-30,1,,0.0,0.0
28.693.595/0001-27,2019-09-30,1,,0.0,0.0
28.693.595/0001-27,2019-12-31,1,,0.0,0.0
28.893.734/0001-66,2019-03-29,1,01/2019,-0.00482,-0.00482
28.893.734/0001-66,2019-03-29,1,02/2019,-0.062946,-0.062946
28.893.734/0001-66,2019-03-29,1,03/2019,0.006379,0.006379
28.893.734/0001-66,2019-06-28,1,04/2019,-0.024576,-0.024576
28.893.734/0001-66,2019-06-28,1,05/2019,-0.022355,-0.022355
28.893.734/0001-66,2019-06-28,1,06/2019,-0.068894,-0.068894
28.893.734/0001-66,2019-09-30,1,07/2019,-0.011777,-0.011777
28.893.734/0001-66,2019-09-30,1,08/2019,-0.007792,-0.007792
28.893.734/0001-66,2019-09-30,1,09/2019,-0.008449,-0.008449
28.893.734/0001-66,2019-12-31,1,10/2019,-0.087789,-0.087789
28.893.734/0001-66,2019-12-31,1,11/2019,-0.01212,-0.01212
28.893.734/0001-66,2019-12-31,1,12/2019,-0.007822,-0.007822
30.230.870/0001-18,2019-09-30,1,07/2019,0.0,
30.230.870/0001-18,2019-09-30,1,08/2019,0.0,
30.230.870/0001-18,2019-09-30,1,09/2019,-0.00609,
30.230.870/0001-18,2019-12-31,1,10/2019,0.0,0.0
30.230.870/0001-18,2019-12-31,1,11/2019,0.0,0.0
30.230.870/0001-18,2019-12-31,1,12/2019,0.0,0.0
30.248.129/0001-84,2019-06-28,1,06/2019,0.006645,
30.248.129/0001-84,2019-06-28,1,05/2019,-0.012149,
30.248.129/0001-84,2019-06-28,1,04/2019,-0.011916,
30.248.129/0001-84,2019-09-30,1,06/2019,,
30.248.129/0001-84,2019-09-30,1,05/2019,,
30.248.129/0001-84,2019-09-30,1,04/2019,,
30.248.129/0001-84,2019-12-31,1,10/2019,0.009994,
30.248.129/0001-84,2019-12-31,1,11/2019,0.030328,
30.248.129/0001-84,2019-12-31,1,12/2019,0.001905,
30.248.158/0001-46,2019-09-30,1,07/2019,0.0,
30.248.158/0001-46,2019-09-30,1,08/2019,-0.004256,
30.248.158/0001-46,2019-09-30,1,09/2019,0.001207,
30.248.158/0001-46,2019-12-31,1,10/2019,0.0,0.0
30.248.158/0001-46,2019-12-31,1,11/2019,0.0,0.0
30.248.158/0001-46,2019-12-31,1,12/2019,0.0,0.0
30.248.180/0001-96,2019-12-31,1,10/19,0.0,0.0
30.248.180/0001-96,2019-12-31,1,11/19,0.0,0.0
30.248.180/0001-96,2019-12-31,1,12/19,0.0,0.0
30.492.505/0001-81,2019-03-31,1,03/2019,0.000254,0.000254
30.492.505/0001-81,2019-06-30,1,06/2019,-0.000272,-0.000272
30.492.505/0001-81,2019-09-30,1,06/2019,0.000253,0.000253
30.492.505/0001-81,2019-12-31,1,12/2019,0.000259,0.000259
30.578.316/0001-26,2019-06-28,1,06/2019,0.081098,
30.578.316/0001-26,2019-06-28,1,05/2019,-0.014636,
30.578.316/0001-26,2019-06-28,1,04/2019,0.530596,
30.578.316/0001-26,2019-09-30,1,07/2019,-0.016762,
30.578.316/0001-26,2019-09-30,1,08/2019,0.121792,
30.578.316/0001-26,2019-09-30,1,09/2019,0.117478,
30.578.316/0001-26,2019-12-31,1,10/2019,0.0,
30.578.316/0001-26,2019-12-31,1,11/2019,0.0,
30.578.316/0001-26,2019-12-31,1,12/2019,0.0,
30.578.417/0001-05,2019-12-31,1,10/2019,0.0,0.0
30.578.417/0001-05,2019-12-31,1,11/2019,0.0,0.0
30.578.417/0001-05,2019-12-31,1,12/2019,0.0,0.0
30.654.849/0001-40,2019-12-31,1,10/2019,0.0,0.0
30.654.849/0001-40,2019-12-31,1,11/2019,0.0,0.0
30.654.849/0001-40,2019-12-31,1,12/2019,0.0,0.0
30.791.386/0001-68,2019-06-30,1,,0.0,0.0
30.791.386/0001-68,2019-09-30,1,,0.0,0.0
30.791.386/0001-68,2019-12-31,2,,0.0,0.0
30.982.880/0001-00,2019-09-30,2,07/2019,0.00371,
30.982.880/0001-00,2019-09-30,2,08/2019,0.000764,
30.982.880/0001-00,2019-09-30,2,09/2019,0.008534,
30.982.880/0001-00,2019-12-31,1,10/2019,0.0,0.0
30.982.880/0001-00,2019-12-31,1,11/2019,0.0,0.0
30.982.880/0001-00,2019-12-31,1,12/2019,0.0,0.0
30.982.974/0001-89,2019-12-31,1,10/2019,,
30.982.974/0001-89,2019-12-31,1,11/2019,,
30.982.974/0001-89,2019-12-31,1,12/2019,-0.002397,
30.983.020/0001-90,2019-09-30,3,07/2019,0.006937,
30.983.020/0001-90,2019-09-30,3,08/2019,0.141239,
30.983.020/0001-90,2019-09-30,3,09/2019,0.021688,
30.983.020/0001-90,2019-12-31,1,10/2019,-0.024788,
30.983.020/0001-90,2019-12-31,1,11/2019,0.058593,
30.983.020/0001-90,2019-12-31,1,12/2019,0.149308,
31.887.401/0001-39,2019-06-28,1,jun/19,-0.005676,-0.005676
31.887.401/0001-39,2019-06-28,1,mai/19,0.009079,0.009079
31.887.401/0001-39,2019-06-28,1,abr/19,-0.003304,-0.003304
31.887.401/0001-39,2019-09-30,1,set/19,0.004153,0.004153
31.887.401/0001-39,2019-09-30,1,ago/19,0.000319,0.000319
31.887.401/0001-39,2019-09-30,1,jul/19,0.009117,0.009117
31.887.401/0001-39,2019-12-31,1,dez/19,0.122013,0.122013
31.887.401/0001-39,2019-12-31,1,nov/19,0.027326,0.027326
31.887.401/0001-39,2019-12-31,1,out/19,0.006802,0.006802
32.655.589/0001-52,2019-06-28,1,05/2019,-0.024427,-0.024427
32.655.589/0001-52,2019-06-28,1,06/2019,0.014695,0.014695
32.655.589/0001-52,2019-09-30,1,07/2019,-0.005965,-0.005965
32.655.589/0001-52,2019-09-30,1,08/2019,-0.006092,-0.006092
32.655.589/0001-52,2019-09-30,1,09/2019,0.00499,0.00499
32.655.589/0001-52,2019-12-31,1,10/2019,-0.006226,-0.006226
32.655.589/0001-52,2019-12-31,1,11/2019,-0.004535,-0.004535
32.655.589/0001-52,2019-12-31,1,12/2019,-0.011966,-0.011966
34.081.611/0001-23,2019-12-31,1,10/2019,0.0,0.0
34.081.611/0001-23,2019-12-31,1,11/2019,0.0,0.0
34.081.611/0001-23,2019-12-31,1,12/2019,0.0,0.0
34.508.872/0001-87,2019-12-31,1,10/2019,,
34.508.872/0001-87,2019-12-31,1,11/2019,,
34.508.872/0001-87,2019-12-31,1,12/2019,0.001574,
34.509.007/0001-55,2019-12-31,1,10/2019,,
34.509.007/0001-55,2019-12-31,1,11/2019,,
34.509.007/0001-55,2019-12-31,1,12/2019,-0.076262,
34.691.925/0001-48,2019-12-31,1,11/2019,-0.007833,-0.007833
34.691.925/0001-48,2019-12-31,1,12/2019,-0.002826,-0.002826
01.235.622/0001-61,2020-06-30,2,abril/20,0.0022,0.0022
01.235.622/0001-61,2020-06-30,2,maio/20,0.0066,0.0066
01.235.622/0001-61,2020-06-30,2,junho/20,0.0139,0.0139
01.235.622/0001-61,2020-09-30,2,Julho/2020,-0.0049,-0.0049
01.235.622/0001-61,2020-09-30,2,Agosto/2020,0.0079400558485809,0.0079400558485809
01.235.622/0001-61,2020-09-30,2,Setembro/2020,0.012751766863261,0.012751766863261
01.235.622/0001-61,2020-12-31,1,outubro/2020,0.00718,0.00718
01.235.622/0001-61,2020-12-31,1,novembro/2020,0.008878,0.008878
01.235.622/0001-61,2020-12-31,1,dezembro/2020,0.017436,0.017436
01.636.325/0001-28,2020-03-31,1,03/2020,0.00034,0.00034
01.657.856/0001-05,2020-03-31,1,03/2020,0.002887,0.002887
03.683.056/0001-86,2020-03-31,1,Janeiro,0.003529,0.003479
03.683.056/0001-86,2020-03-31,1,Fevereiro,0.003456,0.003407
03.683.056/0001-86,2020-03-31,1,Março,0.003696,0.003529
03.683.056/0001-86,2020-06-30,1,Abril,0.003524,0.003357
03.683.056/0001-86,2020-06-30,1,Maio,0.003493,0.003353
03.683.056/0001-86,2020-06-30,1,Junho,0.007093,0.006941
03.683.056/0001-86,2020-09-30,1,Julho,0.003287,0.00313
03.683.056/0001-86,2020-09-30,1,Agosto,0.003471,0.003315
03.683.056/0001-86,2020-09-30,1,Setembro,0.003297,0.00314
03.683.056/0001-86,2020-12-31,1,Outubro,-0.026843,-0.02697
03.683.056/0001-86,2020-12-31,1,Novembro,0.038748,0.038617
03.683.056/0001-86,2020-12-31,1,Dezembro,0.005102,0.004975
04.141.645/0001-03,2020-03-31,2,03/2020,0.004111,0.004111
08.696.175/0001-97,2020-03-31,1,03/2020,0.006742,
08.696.175/0001-97,2020-06-30,1,03/2020,0.006742,
08.696.175/0001-97,2020-09-30,1,09/2020,0.005244,
10.522.648/0001-81,2020-09-30,2,julho/20,-0.005693,-0.005693
10.522.648/0001-81,2020-09-30,2,agosto/20,0.0136995240422306,0.0136995240422306
10.522.648/0001-81,2020-09-30,2,setembro/20,0.0593837156503907,0.0593837156503907
10.522.648/0001-81,2020-12-31,1,outubro/2020,-0.022223,-0.022223
10.522.648/0001-81,2020-12-31,1,novembro/2020,-0.02673,-0.02673
10.522.648/0001-81,2020-12-31,1,dezembro/2020,-0.140669,-0.140669
11.268.335/0001-01,2020-03-31,1,01/2020,0.001549,0.001549
11.268.335/0001-01,2020-03-31,1,02/2020,0.006819,0.006819
11.268.335/0001-01,2020-03-31,1,03/2020,0.00173,0.00173
11.268.335/0001-01,2020-06-30,1,04/2020,0.001782,0.001782
11.268.335/0001-01,2020-06-30,1,05/2020,0.001384,0.001384
11.268.335/0001-01,2020-06-30,1,06/2020,0.001705,0.001705
11.268.335/0001-01,2020-09-30,1,07/2020,0.002776,0.002776
11.268.335/0001-01,2020-09-30,1,08/2020,0.00149,0.00149
11.268.335/0001-01,2020-09-30,1,09/2020,0.021798,0.021798
11.268.335/0001-01,2020-12-31,2,10/2020,0.004922,0.004922
11.268.335/0001-01,2020-12-31,2,11/2020,0.00341,0.00341
11.268.335/0001-01,2020-12-31,2,12/2020,0.042408,0.042408
11.281.322/0001-72,2020-03-31,1,01/2020,0.005437,0.005437
11.281.322/0001-72,2020-03-31,1,02/2020,0.005268,0.005268
11.281.322/0001-72,2020-03-31,1,03/2020,0.005484,0.005484
17.098.794/0001-70,2020-03-31,2,03/2020,-0.131613,-0.131613
17.098.794/0001-70,2020-03-31,2,02/2020,-0.040265,-0.040265
17.098.794/0001-70,2020-03-31,2,01/2020,-0.060492,-0.060492
17.098.794/0001-70,2020-06-30,3,06/2020,0.042531,0.042531
17.098.794/0001-70,2020-06-30,3,05/2020,-0.018368,-0.018368
17.098.794/0001-70,2020-06-30,3,04/2020,0.035979,0.035979
17.098.794/0001-70,2020-09-30,2,09/2020,0.019051,0.019051
17.098.794/0001-70,2020-09-30,2,08/2020,0.010447,0.010447
17.098.794/0001-70,2020-09-30,2,07/2020,-0.024647,-0.024647
17.098.794/0001-70,2020-12-31,2,12/2020,0.008536,0.008536
17.098.794/0001-70,2020-12-31,2,11/2020,0.008266,0.008266
17.098.794/0001-70,2020-12-31,2,10/2020,-0.015394,-0.015394
17.161.979/0001-82,2020-03-31,1,03/2020,0.003273,0.003273
17.311.079/0001-74,2020-03-31,1,Janeiro/2020,-0.001229,-0.001229
17.311.079/0001-74,2020-03-31,1,Fevereiro/2020,-0.003093,-0.003093
17.311.079/0001-74,2020-03-31,1,Março/2020,-0.121433,-0.121433
17.311.079/0001-74,2020-06-30,1,Abril/2020,-0.003716,-0.003716
17.311.079/0001-74,2020-06-30,1,Maio/2020,-0.003,-0.003
17.311.079/0001-74,2020-06-30,1,Junho/2020,-0.000729,-0.000729
17.311.079/0001-74,2020-09-30,1,Julho/2020,-0.000769,-0.000769
17.311.079/0001-74,2020-09-30,1,Agosto/2020,-0.000777,-0.000777
17.311.079/0001-74,2020-09-30,1,Setembro/2020,-0.000749,-0.000749
17.311.079/0001-74,2020-12-31,1,Outubro/2020,-0.000742,-0.000742
17.311.079/0001-74,2020-12-31,1,Novembro/2020,-0.000731,-0.000731
17.311.079/0001-74,2020-12-31,1,Dezembro/2020,0.005707,0.005707
17.329.029/0001-14,2020-03-31,1,Mar 2020,-0.13126,-0.13126
17.329.029/0001-14,2020-03-31,1,Fev 2020,-0.200472,-0.200472
17.329.029/0001-14,2020-03-31,1,Jan 2020,-0.043605,-0.043605
18.330.535/0001-96,2020-03-31,1,01/2020,0.005468,0.005468
18.330.535/0001-96,2020-03-31,1,02/2020,0.004709,0.004709
18.330.535/0001-96,2020-03-31,1,03/2020,0.004882,0.004882
18.330.535/0001-96,2020-06-30,1,04/2020,0.004665,0.004665
18.330.535/0001-96,2020-06-30,1,05/2020,0.005631,0.005631
18.330.535/0001-96,2020-06-30,1,06/2020,0.005031,0.005031
18.330.535/0001-96,2020-09-30,1,07/2020,0.005079,0.005079
18.330.535/0001-96,2020-09-30,1,08/2020,0.005006,0.005006
18.330.535/0001-96,2020-09-30,1,09/2020,0.005081,0.005081
18.330.535/0001-96,2020-12-31,1,10/2020,0.005217,0.005217
18.330.535/0001-96,2020-12-31,1,11/2020,0.004719,0.004719
18.330.535/0001-96,2020-12-31,1,12/2020,-0.067508,-0.067508
20.216.935/0001-17,2020-03-31,2,01/2020,-0.043994,-0.043994
20.216.935/0001-17,2020-03-31,2,02/2020,-0.038912,-0.038912
20.216.935/0001-17,2020-03-31,2,03/2020,-0.150438,-0.150438
20.216.935/0001-17,2020-06-30,2,04/2020,0.017558,0.017558
20.216.935/0001-17,2020-06-30,2,05/2020,0.011189,0.011189
20.216.935/0001-17,2020-06-30,2,06/2020,0.060656,0.060656
20.216.935/0001-17,2020-09-30,2,07/2020,-0.029869,-0.029869
20.216.935/0001-17,2020-09-30,2,08/2020,0.016357,0.016357
20.216.935/0001-17,2020-09-30,2,09/2020,0.021589,0.021589
20.216.935/0001-17,2020-12-31,2,10/2020,-0.011209,-0.011209
20.216.935/0001-17,2020-12-31,2,11/2020,0.002919,0.002919
20.216.935/0001-17,2020-12-31,2,12/2020,0.018444,0.018444
20.265.467/0001-70,2020-03-31,1,01/2020,-0.001561,-0.001561
20.265.467/0001-70,2020-03-31,1,02/2020,-0.001827,-0.001827
20.265.467/0001-70,2020-03-31,1,03/2020,-0.01155,-0.01155
22.044.621/0001-00,2020-03-31,1,03/2020,-0.000139,-0.000139
24.853.060/0001-15,2020-03-31,1,01/2020,-0.008912,-0.008912
24.853.060/0001-15,2020-03-31,1,02/2020,-0.001377,-0.001377
24.853.060/0001-15,2020-03-31,1,03/2020,0.004878,0.004878
26.191.053/0001-20,2020-03-31,1,01/2020,-0.001385,-0.001385
26.191.053/0001-20,2020-03-31,1,02/2020,-0.001409,-0.001409
26.191.053/0001-20,2020-03-31,1,03/2020,-0.001858,-0.001858
26.195.121/0001-20,2020-03-31,2,03/2020,0.004168,0.004168
26.502.761/0001-35,2020-03-31,1,01/2020,0.003597,
26.502.761/0001-35,2020-03-31,1,02/2020,-0.001868,
26.502.761/0001-35,2020-03-31,1,03/2020,0.000205,
26.502.761/0001-35,2020-06-30,1,01/2020,0.003597,
26.502.761/0001-35,2020-06-30,1,02/2020,-0.001868,
26.502.761/0001-35,2020-06-30,1,03/2020,0.000205,
26.502.761/0001-35,2020-06-30,1,04/2020,0.011827,
26.502.761/0001-35,2020-06-30,1,05/2020,-0.006669,
26.502.761/0001-35,2020-06-30,1,06/2020,-0.007514,
26.502.794/0001-85,2020-03-31,2,01/2020,0.00722,0.0
26.502.794/0001-85,2020-03-31,2,02/2020,0.009957,0.0
26.502.794/0001-85,2020-03-31,2,03/2020,0.007564,0.0
26.502.794/0001-85,2020-06-30,2,01/2020,0.00722,0.0
26.502.794/0001-85,2020-06-30,2,02/2020,0.009957,0.0
26.502.794/0001-85,2020-06-30,2,03/2020,0.007564,0.0
26.502.794/0001-85,2020-06-30,2,04/2020,0.004237,0.0
26.502.794/0001-85,2020-06-30,2,05/2020,0.004542,0.0
26.502.794/0001-85,2020-06-30,2,06/2020,0.004182,0.0
26.502.794/0001-85,2020-09-30,3,01/2020,0.00722,0.0
26.502.794/0001-85,2020-09-30,3,02/2020,0.009957,0.0
26.502.794/0001-85,2020-09-30,3,03/2020,0.007564,0.0
26.502.794/0001-85,2020-09-30,3,04/2020,0.004237,0.0
26.502.794/0001-85,2020-09-30,3,05/2020,0.004542,0.0
26.502.794/0001-85,2020-09-30,3,06/2020,0.004182,0.0
26.502.794/0001-85,2020-09-30,3,07/2020,0.005188,0.0
26.502.794/0001-85,2020-09-30,3,08/2020,0.004843,0.0
26.502.794/0001-85,2020-09-30,3,09/2020,0.003509,0.0
26.502.794/0001-85,2020-12-31,3,01/2020,0.00722,0.0
26.502.794/0001-85,2020-12-31,3,02/2020,0.009957,0.0
26.502.794/0001-85,2020-12-31,3,03/2020,0.007564,0.0
26.502.810/0001-30,2020-03-31,1,01/2020,-0.000168,-0.000168
26.502.810/0001-30,2020-03-31,1,02/2020,0.008192,0.008192
26.502.810/0001-30,2020-03-31,1,03/2020,0.016014,0.016014
26.681.370/0001-25,2020-06-30,2,jul-20,0.0054,0.0043
26.681.370/0001-25,2020-09-30,1,jul-20,0.0054,0.0043
26.846.134/0001-11,2020-03-31,1,01/2020,-0.014789,
26.846.134/0001-11,2020-03-31,1,02/2020,-0.023934,
26.846.134/0001-11,2020-03-31,1,03/2020,-0.040971,
26.846.134/0001-11,2020-06-30,1,01/2020,-0.014789,
26.846.134/0001-11,2020-06-30,1,02/2020,-0.023934,
26.846.134/0001-11,2020-06-30,1,03/2020,-0.040971,
26.846.134/0001-11,2020-06-30,1,04/2020,-0.013441,
26.846.134/0001-11,2020-06-30,1,05/2020,-0.006988,
26.846.134/0001-11,2020-06-30,1,06/2020,-0.007113,
26.990.011/0001-50,2020-03-31,1,03/2020,-0.001376,-0.001376
27.368.617/0001-10,2020-03-31,1,01/2020,-0.005433,-0.005433
27.368.617/0001-10,2020-03-31,1,02/2020,-0.00133,-0.00133
27.368.617/0001-10,2020-03-31,1,03/2020,-1.6e-05,-1.6e-05
27.538.422/0001-71,2020-03-31,3,01/2020,-0.002897,0.0
27.538.422/0001-71,2020-03-31,3,02/2020,0.000777,0.0
27.538.422/0001-71,2020-03-31,3,03/2020,0.001233,0.0
27.538.422/0001-71,2020-06-30,2,01/2020,0.007047,
27.538.422/0001-71,2020-06-30,2,02/2020,0.000777,
27.538.422/0001-71,2020-06-30,2,03/2020,0.001233,
27.538.422/0001-71,2020-06-30,2,04/2020,0.008695,
27.538.422/0001-71,2020-06-30,2,05/2020,0.010801,
27.538.422/0001-71,2020-06-30,2,06/2020,0.007191,
28.267.696/0001-36,2020-03-31,2,12/2019,0.020502,0.020502
28.267.696/0001-36,2020-03-31,2,01/2020,0.012862,0.012862
28.267.696/0001-36,2020-03-31,2,02/2020,0.006071,0.006071
28.267.696/0001-36,2020-03-31,2,03/2020,0.010587,0.010587
28.893.734/0001-66,2020-03-31,1,01/2020,-0.014403,-0.014403
28.893.734/0001-66,2020-03-31,1,02/2020,-0.0131,-0.0131
28.893.734/0001-66,2020-03-31,1,03/2020,-0.012702,-0.012702
28.893.734/0001-66,2020-06-30,1,04/2020,-0.011126,-0.011126
28.893.734/0001-66,2020-06-30,1,05/2020,-0.01554,-0.01554
28.893.734/0001-66,2020-06-30,1,06/2020,-0.017078,-0.017078
28.893.734/0001-66,2020-09-30,1,07/2020,-0.012946,-0.012946
28.893.734/0001-66,2020-09-30,1,08/2020,-0.009116,-0.009116
28.893.734/0001-66,2020-09-30,1,09/2020,-0.023683,-0.023683
28.893.734/0001-66,2020-12-31,1,10/2020,-0.02286,-0.02286
28.893.734/0001-66,2020-12-31,1,11/2020,-0.026357,-0.026357
28.893.734/0001-66,2020-12-31,1,12/2020,-0.028083,-0.028083
30.248.129/0001-84,2020-03-31,1,01/2020,0.001201,0.001201
30.248.129/0001-84,2020-03-31,1,02/2020,0.037694,0.037694
30.248.129/0001-84,2020-03-31,1,03/2020,0.01417,0.01417
30.492.505/0001-81,2020-03-31,1,03/2020,0.000227,0.000227
30.567.216/0001-02,2020-03-31,1,03/2020,-0.000934,-0.000934
30.578.275/0001-78,2020-03-31,1,12/2019,-0.002099,-0.002099
30.578.275/0001-78,2020-03-31,1,01/2020,-0.000467,-0.000467
30.578.275/0001-78,2020-03-31,1,02/2020,-0.000497,-0.000497
30.578.275/0001-78,2020-03-31,1,02/2020,-0.000472,-0.000472
30.578.351/0001-45,2020-03-31,1,12/2019,0.00188,0.00188
30.578.351/0001-45,2020-03-31,1,01/2020,-0.000516,-0.000516
30.578.351/0001-45,2020-03-31,1,02/2020,-0.000798,-0.000798
30.578.351/0001-45,2020-03-31,1,03/2020,-0.000524,-0.000524
30.629.603/0001-18,2020-03-31,3,31/03/2020,0.006214,0.00557
30.629.603/0001-18,2020-06-30,1,30/06/2020,0.059614,0.058402
30.871.698/0001-81,2020-06-30,1,abril/2020,0.0063763975173657,0.0018407438812608
30.871.698/0001-81,2020-06-30,1,maio/2020,0.0071720353336025,0.0018177184033646
30.871.698/0001-81,2020-06-30,1,junho/2020,0.0067914535375331,0.0016553174877616
30.982.923/0001-57,2020-03-31,1,01/2020,-0.040001,
30.982.923/0001-57,2020-03-31,1,02/2020,-0.029681,
30.982.923/0001-57,2020-03-31,1,03/2020,-0.029681,
30.982.923/0001-57,2020-06-30,1,01/2020,-0.040001,
30.982.923/0001-57,2020-06-30,1,02/2020,-0.029681,
30.982.923/0001-57,2020-06-30,1,03/2020,-0.029681,
30.982.923/0001-57,2020-06-30,1,04/2020,-0.078574,
30.982.923/0001-57,2020-06-30,1,05/2020,-0.088246,
30.982.923/0001-57,2020-06-30,1,06/2020,-0.096097,
30.982.923/0001-57,2020-09-30,1,01/2020,-0.040001,
30.982.923/0001-57,2020-09-30,1,02/2020,-0.029681,
30.982.923/0001-57,2020-09-30,1,03/2020,-0.029681,
30.982.923/0001-57,2020-09-30,1,04/2020,-0.078574,
30.982.923/0001-57,2020-09-30,1,05/2020,-0.088246,
30.982.923/0001-57,2020-09-30,1,06/2020,-0.096097,
30.982.974/0001-89,2020-03-31,2,01/2020,-0.000389,-0.000389
30.982.974/0001-89,2020-03-31,2,02/2020,-0.000957,-0.000957
30.982.974/0001-89,2020-03-31,2,03/2020,-0.000238,-0.000238
31.887.401/0001-39,2020-03-31,1,03/2020,-0.158133,-0.158133
31.887.401/0001-39,2020-03-31,1,02/2020,-0.023347,-0.023347
31.887.401/0001-39,2020-03-31,1,01/2020,-0.030044,-0.030044
31.887.401/0001-39,2020-06-30,2,06/2020,0.049884,0.049884
31.887.401/0001-39,2020-06-30,2,05/2020,0.014039,0.014039
31.887.401/0001-39,2020-06-30,2,04/2020,0.006786,0.006786
31.887.401/0001-39,2020-09-30,2,06/2020,0.049884,0.049884
31.887.401/0001-39,2020-09-30,2,05/2020,0.014039,0.014039
31.887.401/0001-39,2020-09-30,2,04/2020,0.006786,0.006786
31.887.401/0001-39,2020-12-31,2,12/2020,0.019137,0.019137
31.887.401/0001-39,2020-12-31,2,11/2020,0.011862,0.011862
31.887.401/0001-39,2020-12-31,2,10/2020,-0.010696,-0.010696
32.655.589/0001-52,2020-03-31,1,01/2020,-0.005374,-0.005374
32.655.589/0001-52,2020-03-31,1,02/2020,0.005191,0.005191
32.655.589/0001-52,2020-03-31,1,03/2020,-0.008198,-0.008198
32.655.589/0001-52,2020-06-30,1,04/2020,0.005247,0.005247
32.655.589/0001-52,2020-06-30,1,05/2020,-0.004525,-0.004525
32.655.589/0001-52,2020-06-30,1,06/2020,0.007468,0.007468
32.655.589/0001-52,2020-09-30,1,07/2020,-0.005601,-0.005601
32.655.589/0001-52,2020-09-30,1,08/2020,-0.00386,-0.00386
32.655.589/0001-52,2020-09-30,1,09/2020,-0.006524,-0.006524
32.655.589/0001-52,2020-12-31,1,10/2020,-0.009968,-0.009968
32.655.589/0001-52,2020-12-31,1,11/2020,-0.005249,-0.005249
32.655.589/0001-52,2020-12-31,1,12/2020,-0.021431,-0.021431
34.081.631/0001-02,2020-03-31,1,02/2020,-0.046375,-0.046375
34.081.631/0001-02,2020-03-31,1,03/2020,-0.000335,-0.000335
34.508.923/0001-70,2020-03-31,1,01/2020,0.00137,
34.508.923/0001-70,2020-03-31,1,02/2020,-0.003742,
34.508.923/0001-70,2020-03-31,1,03/2020,0.027903,
34.508.923/0001-70,2020-06-30,1,01/2020,0.00137,
34.508.923/0001-70,2020-06-30,1,02/2020,-0.003742,
34.508.923/0001-70,2020-06-30,1,03/2020,0.027903,
34.508.923/0001-70,2020-06-30,1,04/2020,0.007102,
34.508.923/0001-70,2020-06-30,1,05/2020,0.001344,
34.508.923/0001-70,2020-06-30,1,06/2020,0.010441,
34.509.007/0001-55,2020-03-31,1,01/2020,-0.036259,
34.509.007/0001-55,2020-03-31,1,02/2020,-0.000436,
34.509.007/0001-55,2020-03-31,1,03/2020,0.036247,
34.509.007/0001-55,2020-06-30,1,01/2020,-0.036259,
34.509.007/0001-55,2020-06-30,1,02/2020,-0.000436,
34.509.007/0001-55,2020-06-30,1,03/2020,0.036247,
34.509.007/0001-55,2020-06-30,1,04/2020,-0.009171,
34.509.007/0001-55,2020-06-30,1,05/2020,-0.00314,
34.509.007/0001-55,2020-06-30,1,06/2020,-0.003104,
34.691.925/0001-48,2020-03-31,1,01/2020,-0.006249,-0.006249
34.691.925/0001-48,2020-03-31,1,02/2020,0.003078,0.003078
34.691.925/0001-48,2020-03-31,1,03/2020,-0.001396,-0.001396
34.691.925/0001-48,2020-09-30,1,07/2020,-0.001238,-0.001238
34.691.925/0001-48,2020-09-30,1,08/2020,-0.000543,-0.000543
34.691.925/0001-48,2020-09-30,1,09/2020,-0.001973,-0.001973
34.691.925/0001-48,2020-12-31,1,10/2020,-0.001445,-0.001445
34.691.925/0001-48,2020-12-31,1,11/2020,0.002485,0.002485
34.691.925/0001-48,2020-12-31,1,12/2020,-0.031972,-0.031972
34.693.040/0001-88,2020-03-31,1,03/2020,-0.00114,-0.00114
34.693.040/0001-88,2020-09-30,1,07/2020,-0.002181,-0.002181
34.693.040/0001-88,2020-09-30,1,08/2020,-0.002392,-0.002392
34.693.040/0001-88,2020-09-30,1,09/2020,-0.002076,-0.002076
34.693.040/0001-88,2020-12-31,1,10/2020,-0.002274,-0.002274
34.693.040/0001-88,2020-12-31,1,11/2020,-0.001991,-0.001991
34.693.040/0001-88,2020-12-31,1,12/2020,-0.002168,-0.002168
36.517.660/0001-91,2020-12-31,1,Novembro,-0.006742,-0.006881
36.517.660/0001-91,2020-12-31,1,Dezembro,0.010258,0.006232
36.615.915/0001-59,2020-12-31,1,10/2020,-0.012486,-0.012486
36.615.915/0001-59,2020-12-31,1,11/2020,0.009296,0.009296
36.615.915/0001-59,2020-12-31,1,12/2020,0.006504,0.006504
38.376.805/0001-07,2020-12-31,1,10/2020,-0.000995,-0.000995
38.376.805/0001-07,2020-12-31,1,11/2020,-0.00039,-0.00039
38.376.805/0001-07,2020-12-31,1,12/2020,-0.001109,-0.001109
01.235.622/0001-61,2021-03-31,1,janeiro/2021,0.005188,0.005188
01.235.622/0001-61,2021-03-31,1,fevereiro/2021,0.007326,0.007326
01.235.622/0001-61,2021-03-31,1,março/2021,0.003977,0.003977
01.235.622/0001-61,2021-06-30,1,44287,0.008352,0.008352
01.235.622/0001-61,2021-06-30,1,44317,0.011498,0.011498
01.235.622/0001-61,2021-06-30,1,44348,0.016171,0.016171
01.235.622/0001-61,2021-09-30,1,07/2021,0.007465,0.007465
01.235.622/0001-61,2021-09-30,1,08/2021,0.00855,0.00855
01.235.622/0001-61,2021-09-30,1,09/2021,0.007751,0.007751
01.235.622/0001-61,2021-12-31,1,Out/21,0.005868,0.005868
01.235.622/0001-61,2021-12-31,1,Nov/2021,0.027615,0.027615
01.235.622/0001-61,2021-12-31,1,Dez/2021,-0.032839,-0.032839
03.683.056/0001-86,2021-03-31,1,Janeiro,0.0039568761177606,0.0038297368219841
03.683.056/0001-86,2021-03-31,1,Fevereiro,0.002626,0.002499
03.683.056/0001-86,2021-03-31,1,Março,0.001039,0.000708
03.683.056/0001-86,2021-12-31,1,Outubro,0.004592,0.004592
03.683.056/0001-86,2021-12-31,1,Novembro,0.020996,0.020996
03.683.056/0001-86,2021-12-31,1,Dezembro,0.002105,0.002105
08.924.783/0001-01,2021-03-31,1,jan/21,0.002883,0.002348
08.924.783/0001-01,2021-03-31,1,fev/21,0.003115,0.002606
08.924.783/0001-01,2021-03-31,1,mar/21,0.003486,0.003028
08.924.783/0001-01,2021-06-30,1,04/2021,0.005575,0.004882814241629
08.924.783/0001-01,2021-06-30,1,05/2021,0.007238,0.006567
08.924.783/0001-01,2021-06-30,1,06/2021,0.004559,0.003649998974078
08.924.783/0001-01,2021-09-30,1,07/2021,0.003892,0.0031339130992768
08.924.783/0001-01,2021-09-30,1,08/2021,0.003114,0.0023552251790865
08.924.783/0001-01,2021-09-30,1,09/2021,0.001819,0.001745
08.924.783/0001-01,2021-12-31,1,10/2021,0.002305,-0.001338
08.924.783/0001-01,2021-12-31,1,11/2021,-0.003646,-0.00877
08.924.783/0001-01,2021-12-31,1,12/2021,0.000364,-0.00284
10.522.648/0001-81,2021-03-31,1,janeiro/2021,0.001599,0.001599
10.522.648/0001-81,2021-03-31,1,fevereiro/2021,0.013897,0.013897
10.522.648/0001-81,2021-03-31,1,março/2021,0.00293,0.00293
10.522.648/0001-81,2021-09-30,1,jul/21,-0.000262,-0.000262
10.522.648/0001-81,2021-09-30,1,ago/21,-0.003937,-0.003937
10.522.648/0001-81,2021-09-30,1,set/21,0.001932,0.001932
11.268.335/0001-01,2021-03-31,1,01/2021,0.001888,0.001888
11.268.335/0001-01,2021-03-31,1,02/2021,0.001998,0.001998
11.268.335/0001-01,2021-03-31,1,03/2021,0.025415,0.025415
11.268.335/0001-01,2021-06-30,1,04/2021,0.023814,0.023814
11.268.335/0001-01,2021-06-30,1,05/2021,0.032955,0.032955
11.268.335/0001-01,2021-09-30,1,07/2021,0.035159,0.035159
11.268.335/0001-01,2021-09-30,1,08/2021,0.004883,0.004883
11.268.335/0001-01,2021-09-30,1,09/2021,0.011426,0.011426
11.268.335/0001-01,2021-12-31,1,10/2021,0.689415,0.689415
11.268.335/0001-01,2021-12-31,1,11/2021,0.304622,0.304622
11.268.335/0001-01,2021-12-31,1,12/2021,0.18302,0.18302
12.005.956/0001-65,2021-06-30,1,04/2021,0.0041589300326331,0.0040182457791505
12.005.956/0001-65,2021-06-30,1,05/2021,0.0046536069700797,0.0045061123227314
12.005.956/0001-65,2021-06-30,1,06/2021,0.0045577656790928,0.0044246886794896
12.005.956/0001-65,2021-09-30,1,07/2021,0.0049371256109981,0.0047117282055561
12.005.956/0001-65,2021-09-30,1,08/2021,0.0048589078668879,0.0047209275966898
12.005.956/0001-65,2021-09-30,1,09/2021,0.0049070745239116,0.0047415478835039
12.005.956/0001-65,2021-12-31,1,10/2021,0.0051901923543055,0.0050213157587477
12.005.956/0001-65,2021-12-31,1,11/2021,0.0049413709249077,0.004721840029039
12.005.956/0001-65,2021-12-31,1,12/2021,0.0058841524194684,0.0057059339588534
17.098.794/0001-70,2021-03-31,4,12/2020,0.008536,0.008536
17.098.794/0001-70,2021-03-31,4,11/2020,0.008266,0.008266
17.098.794/0001-70,2021-03-31,4,10/2020,-0.015394,-0.015394
17.098.794/0001-70,2021-06-30,1,04/21,0.0041259501413593,0.0041259501413593
17.098.794/0001-70,2021-06-30,1,05/21,-0.0177260509774823,-0.0177260509774823
17.098.794/0001-70,2021-06-30,1,06/21,-0.0219439439589172,-0.0219439439589172
17.098.794/0001-70,2021-09-30,1,07/21,-0.109355377820222,-0.109355377820222
17.098.794/0001-70,2021-09-30,1,08/21,-0.0040404040404039,-0.0040404040404039
17.098.794/0001-70,2021-09-30,1,09/21,-0.0140136054421769,-0.0140136054421769
17.098.794/0001-70,2021-12-31,1,10/21,-0.0057071269487749,-0.0057071269487749
17.098.794/0001-70,2021-12-31,1,11/21,-0.0329189036450974,-0.0329189036450974
17.098.794/0001-70,2021-12-31,1,12/21,0.0101470588235293,0.0101470588235293
17.311.079/0001-74,2021-03-31,1,Janeiro/2021,-0.000719,-0.000719
17.311.079/0001-74,2021-03-31,1,Fevereiro/2021,-0.000825,-0.000825
17.311.079/0001-74,2021-03-31,1,Março/2021,-0.002059,-0.002059
17.311.079/0001-74,2021-06-30,1,abril/2021,-0.005463,-0.005463
17.311.079/0001-74,2021-06-30,1,maio/2021,-0.003865,-0.003865
17.311.079/0001-74,2021-06-30,1,junho/2021,-0.000772,-0.000772
17.311.079/0001-74,2021-09-30,1,Julho/2021,-0.00082,-0.00082
17.311.079/0001-74,2021-09-30,1,Agosto/2021,-0.000793,-0.000793
17.311.079/0001-74,2021-09-30,1,Setembro/2021,-0.000768,-0.000768
17.311.079/0001-74,2021-12-31,1,Outubro/2021,-0.00073,-0.00073
17.311.079/0001-74,2021-12-31,1,Novembro/2021,-0.00068,-0.00068
17.311.079/0001-74,2021-12-31,1,Dezembro/2021,0.03299,0.03299
18.312.285/0001-61,2021-03-31,1,jan/21,0.004025822983092,0.0011519439802655
18.312.285/0001-61,2021-03-31,1,fev/21,0.0047680099662917,0.0017043694328556
18.312.285/0001-61,2021-03-31,1,mar/21,0.0049763612663157,0.0019778538397996
18.312.285/0001-61,2021-06-30,1,04/2021,0.004159,0.0011569781574475
18.312.285/0001-61,2021-06-30,1,05/2021,0.004492,0.0014997492609798
18.312.285/0001-61,2021-06-30,1,06/2021,0.004403,0.0014426752085631
18.312.285/0001-61,2021-09-30,1,07/2021,0.003178,0.0013908422226745
18.312.285/0001-61,2021-09-30,1,08/2021,0.00278,0.0013711680565809
18.312.285/0001-61,2021-09-30,1,09/2021,0.002433,0.0008796274604991
18.312.285/0001-61,2021-12-31,1,10/2021,-0.000785,2.1e-05
18.312.285/0001-61,2021-12-31,1,11/2021,0.067718,0.067043
18.312.285/0001-61,2021-12-31,1,12/2021,-0.001527,-0.002425
18.330.535/0001-96,2021-03-31,1,01/2021,0.006254,0.006254
18.330.535/0001-96,2021-03-31,1,02/2021,-0.00495,-0.00495
18.330.535/0001-96,2021-03-31,1,03/2021,0.004626,0.004626
18.330.535/0001-96,2021-06-30,1,04/2021,0.005322,0.005322
18.330.535/0001-96,2021-06-30,1,05/2021,-0.006261,-0.006261
18.330.535/0001-96,2021-06-30,1,06/2021,0.010623,0.010623
18.330.535/0001-96,2021-09-30,1,07/2021,0.002294,0.002294
18.330.535/0001-96,2021-09-30,1,08/2021,0.004135,0.004135
18.330.535/0001-96,2021-09-30,1,09/2021,0.004766,0.004766
18.330.535/0001-96,2021-12-31,1,10/2021,0.004994,0.004994
18.330.535/0001-96,2021-12-31,1,11/2021,0.006376,0.006376
18.330.535/0001-96,2021-12-31,1,12/2021,-0.045787,-0.045787
20.216.935/0001-17,2021-03-31,1,01/2021,0.005005,0.005005
20.216.935/0001-17,2021-03-31,1,02/2021,-0.000599,-0.000599
20.216.935/0001-17,2021-03-31,1,03/2021,0.015844,0.015844
20.216.935/0001-17,2021-06-30,1,04/2021,0.007596,0.007596
20.216.935/0001-17,2021-06-30,1,05/2021,-0.011852,-0.011852
20.216.935/0001-17,2021-06-30,1,06/2021,-0.018792,-0.018792
20.216.935/0001-17,2021-09-30,1,07/2021,0.03456,0.03456
20.216.935/0001-17,2021-09-30,1,08/2021,-0.02081,-0.02081
20.216.935/0001-17,2021-09-30,1,09/2021,-0.004422,-0.004422
20.216.935/0001-17,2021-12-31,1,10/2021,-0.007012,-0.007012
20.216.935/0001-17,2021-12-31,1,11/2021,-0.027799,-0.027799
20.216.935/0001-17,2021-12-31,1,12/2021,0.087066,0.087066
28.893.734/0001-66,2021-03-31,1,01/2021,-0.007171,-0.007171
28.893.734/0001-66,2021-03-31,1,02/2021,-0.029932,-0.029932
28.893.734/0001-66,2021-03-31,1,03/2021,-0.024197,-0.024197
28.893.734/0001-66,2021-09-30,1,07/2021,1.0,1.0
28.893.734/0001-66,2021-09-30,1,08/2021,0.428195,0.428195
28.893.734/0001-66,2021-09-30,1,09/2021,0.655286,0.655286
28.893.734/0001-66,2021-12-31,1,10/2021,0.052642,0.052642
28.893.734/0001-66,2021-12-31,1,11/2021,-0.006849,-0.006849
28.893.734/0001-66,2021-12-31,1,12/2021,-0.014369,-0.014369
31.887.401/0001-39,2021-03-31,2,12/2020,0.019137,0.019137
31.887.401/0001-39,2021-03-31,2,11/2020,0.011862,0.011862
31.887.401/0001-39,2021-03-31,2,10/2020,-0.010696,-0.010696
31.887.401/0001-39,2021-06-30,1,04/2021,0.0048589697769259,0.0034434778588554
31.887.401/0001-39,2021-06-30,1,05/2021,-0.0178779352342919,0.004349380992674
31.887.401/0001-39,2021-06-30,1,06/2021,-0.0285431548244323,0.003415137610649
31.887.401/0001-39,2021-09-30,1,07/21,0.0143487858719649,0.0143487858719649
31.887.401/0001-39,2021-09-30,1,08/21,-0.037593984962406,-0.037593984962406
31.887.401/0001-39,2021-09-30,1,09/21,-0.0145714285714286,-0.0145714285714286
31.887.401/0001-39,2021-12-31,1,07/21,0.0126050420168069,0.0126050420168069
31.887.401/0001-39,2021-12-31,1,08/21,-0.0175691244239631,-0.0175691244239631
31.887.401/0001-39,2021-12-31,1,09/21,0.0171693042699315,0.0171693042699315
32.287.811/0001-01,2021-12-31,1,12/2021,-0.013020706,-0.013020706
32.287.811/0001-01,2021-12-31,1,11/2021,-0.011065776,-0.011065776
32.287.811/0001-01,2021-12-31,1,10/2021,-0.005163901,-0.005163901
32.655.589/0001-52,2021-03-31,1,01/2021,-0.006724,-0.006724
32.655.589/0001-52,2021-03-31,1,02/2021,-0.005428,-0.005428
32.655.589/0001-52,2021-03-31,1,03/2021,-0.001853,-0.001853
32.655.589/0001-52,2021-06-30,1,04/2021,-0.004658,-0.002876
32.655.589/0001-52,2021-09-30,1,07/2021,-0.006042,-0.006042
32.655.589/0001-52,2021-09-30,1,08/2021,-0.002666,-0.002666
32.655.589/0001-52,2021-09-30,1,09/2021,-0.007319,-0.007319
32.655.589/0001-52,2021-12-31,1,10/2021,0.003575,0.003575
32.655.589/0001-52,2021-12-31,1,11/2021,-0.000665,-0.000665
32.655.589/0001-52,2021-12-31,1,12/2021,-0.004977,-0.004977
34.691.925/0001-48,2021-03-31,1,01/2021,-0.003519,-0.003519
34.691.925/0001-48,2021-03-31,1,02/2021,-0.003761,-0.003761
34.691.925/0001-48,2021-03-31,1,03/2021,0.008009,0.008009
34.691.925/0001-48,2021-06-30,1,04/2021,-0.003114,-0.003114
34.691.925/0001-48,2021-06-30,1,05/2021,-0.000314,-0.000314
34.691.925/0001-48,2021-06-30,1,06/2021,-0.105908,-0.105908
34.691.925/0001-48,2021-09-30,1,07/2021,1.9e-05,1.9e-05
34.691.925/0001-48,2021-09-30,1,08/2021,0.034955,0.034955
34.691.925/0001-48,2021-09-30,1,09/2021,-0.001882,-0.001882
34.691.925/0001-48,2021-12-31,1,10/2021,-0.011377,-0.011377
34.691.925/0001-48,2021-12-31,1,11/2021,0.028652,0.028652
34.691.925/0001-48,2021-12-31,1,12/2021,-0.131194,-0.131194
34.693.040/0001-88,2021-03-31,1,01/2021,-0.001967,-0.001967
34.693.040/0001-88,2021-03-31,1,02/2021,-0.001848,-0.001848
34.693.040/0001-88,2021-03-31,1,03/2021,-0.001916,-0.001916
34.693.040/0001-88,2021-06-30,1,04/2021,-0.002231,-0.002231
34.693.040/0001-88,2021-06-30,1,05/2021,-0.002188,-0.002188
34.693.040/0001-88,2021-06-30,1,06/2021,-0.002197,-0.002197
34.693.040/0001-88,2021-09-30,1,07/2021,-0.002281,-0.002281
34.693.040/0001-88,2021-09-30,1,08/2021,0.111205,0.111205
34.693.040/0001-88,2021-09-30,1,09/2021,0.103551,0.103551
34.693.040/0001-88,2021-12-31,1,10/2021,0.272223,0.272223
34.693.040/0001-88,2021-12-31,1,11/2021,-0.19126,-0.19126
34.693.040/0001-88,2021-12-31,1,12/2021,-0.144318,-0.144318
35.940.506/0001-65,2021-12-31,1,12/2021,-0.554100969,-0.554100969
35.940.506/0001-65,2021-12-31,1,11/2021,-0.310246064,-0.310246064
36.200.677/0001-10,2021-12-31,1,Outubro,0.01025,0.008644
36.200.677/0001-10,2021-12-31,1,Novembro,-0.001788,-0.003784
36.200.677/0001-10,2021-12-31,1,Dezembro,0.00161,-0.000168
36.517.660/0001-91,2021-03-31,1,Janeiro,0.007101,0.002808
36.517.660/0001-91,2021-03-31,1,Fevereiro,0.004287,-5e-06
36.517.660/0001-91,2021-03-31,1,Março,0.004717,0.0002
36.517.660/0001-91,2021-06-30,1,Abril,0.004868,0.000734
36.517.660/0001-91,2021-06-30,1,Maio,-0.000266,-0.004397
36.517.660/0001-91,2021-06-30,1,Junho,0.004792,0.000642
36.517.660/0001-91,2021-09-30,1,Julho,0.003509,-0.000989
36.517.660/0001-91,2021-09-30,1,Agosto,0.004882,-0.004143
36.517.660/0001-91,2021-09-30,1,Setembro,0.254235,0.249311
36.517.660/0001-91,2021-12-31,1,Outubro,0.004481,0.000223
36.517.660/0001-91,2021-12-31,1,Novembro,0.037557,0.03298
36.517.660/0001-91,2021-12-31,1,Dezembro,0.00426,-0.000392
36.615.915/0001-59,2021-03-31,1,01/2021,-0.006861,-0.006861
36.615.915/0001-59,2021-03-31,1,02/2021,0.020156,0.020156
36.615.915/0001-59,2021-03-31,1,03/2021,-0.014221,-0.014221
36.615.915/0001-59,2021-06-30,1,04/2021,0.014182,0.014182
36.615.915/0001-59,2021-06-30,1,05/2021,-0.01995,-0.01995
36.615.915/0001-59,2021-06-30,1,06/2021,-0.028676,-0.028676
36.615.915/0001-59,2021-09-30,1,07/2021,0.01994,0.01994
36.615.915/0001-59,2021-09-30,1,08/2021,-0.036021,-0.036021
36.615.915/0001-59,2021-09-30,1,09/2021,-0.016458,-0.016458
36.615.915/0001-59,2021-12-31,1,10/2021,-0.025266,-0.025266
36.615.915/0001-59,2021-12-31,1,11/2021,-0.033306,-0.033306
36.615.915/0001-59,2021-12-31,1,12/2021,0.091066,0.091066
37.087.810/0001-37,2021-03-31,3,Não possui informação apresentada.,,
37.087.810/0001-37,2021-06-30,2,Não possui informação apresentada.,,
37.087.810/0001-37,2021-09-30,1,Não possui informação apresentada.,,
37.087.810/0001-37,2021-12-31,3,Não possui informação apresentada.,,
38.294.086/0001-85,2021-03-31,1,fev/21,0.0015137609120039,0.0003040998469738
38.294.086/0001-85,2021-03-31,1,mar/21,0.055009098921783,0.052699076404372
38.294.086/0001-85,2021-06-30,1,04/2021,0.006488,0.0030634886835512
38.294.086/0001-85,2021-06-30,1,05/2021,0.005848,0.0028550893631406
38.294.086/0001-85,2021-06-30,1,06/2021,0.00328,0.0036031460206506
38.294.086/0001-85,2021-09-30,1,07/2021,0.004366,-0.0016619185724363
38.294.086/0001-85,2021-09-30,1,08/2021,0.00462,-0.0006363051347477
38.294.086/0001-85,2021-09-30,1,09/2021,0.003814,-0.0012233569958947
38.294.086/0001-85,2021-12-31,1,10/2021,0.005096,0.000872
38.294.086/0001-85,2021-12-31,1,11/2021,0.0157,0.014321
38.294.086/0001-85,2021-12-31,1,12/2021,-0.066512,-0.067816
38.376.805/0001-07,2021-03-31,1,01/2021,-0.00036,-0.00036
38.376.805/0001-07,2021-03-31,1,02/2021,-0.000387,-0.000387
38.376.805/0001-07,2021-03-31,1,03/2021,-0.000385,-0.000385
38.376.805/0001-07,2021-06-30,1,04/2021,-0.000385,-0.000385
38.376.805/0001-07,2021-06-30,1,05/2021,-0.000395,-0.000395
38.376.805/0001-07,2021-06-30,1,06/2021,0.155354,0.155354
38.376.805/0001-07,2021-09-30,1,07/2021,-0.048024,-0.048024
38.376.805/0001-07,2021-09-30,1,08/2021,-0.008953,-0.008953
38.376.805/0001-07,2021-09-30,1,09/2021,-0.003758,-0.003758
38.376.805/0001-07,2021-12-31,1,10/2021,0.002196,0.002196
38.376.805/0001-07,2021-12-31,1,11/2021,-0.004977,-0.004977
38.376.805/0001-07,2021-12-31,1,12/2021,-0.019523,-0.019523
